  0
SECTION
  2
HEADER
  9
$ACADVER
  1
AC1032
  9
$ACADMAINTVER
 90
4
  9
$DWGCODEPAGE
  3
ANSI_1252
  9
$LASTSAVEDBY
  1
ezdxf
  9
$REQUIREDVERSIONS
160
0
  9
$INSBASE
 10
0.0
 20
0.0
 30
0.0
  9
$EXTMIN
 10
1e+20
 20
1e+20
 30
1e+20
  9
$EXTMAX
 10
-1e+20
 20
-1e+20
 30
-1e+20
  9
$LIMMIN
 10
0.0
 20
0.0
  9
$LIMMAX
 10
420.0
 20
297.0
  9
$ORTHOMODE
 70
0
  9
$REGENMODE
 70
1
  9
$FILLMODE
 70
1
  9
$QTEXTMODE
 70
0
  9
$MIRRTEXT
 70
1
  9
$LTSCALE
 40
100.0
  9
$ATTMODE
 70
1
  9
$TEXTSIZE
 40
2.5
  9
$TRACEWID
 40
1.0
  9
$TEXTSTYLE
  7
OpenSans
  9
$CLAYER
  8
0
  9
$CELTYPE
  6
ByLayer
  9
$CECOLOR
 62
256
  9
$CELTSCALE
 40
1.0
  9
$DISPSILH
 70
0
  9
$DIMSCALE
 40
1.0
  9
$DIMASZ
 40
0.175
  9
$DIMEXO
 40
0.125
  9
$DIMDLI
 40
3.75
  9
$DIMRND
 40
0.0
  9
$DIMDLE
 40
0.0
  9
$DIMEXE
 40
0.375
  9
$DIMTP
 40
0.0
  9
$DIMTM
 40
0.0
  9
$DIMTXT
 40
0.25
  9
$DIMCEN
 40
2.5
  9
$DIMTSZ
 40
0.0
  9
$DIMTOL
 70
0
  9
$DIMLIM
 70
0
  9
$DIMTIH
 70
0
  9
$DIMTOH
 70
0
  9
$DIMSE1
 70
0
  9
$DIMSE2
 70
0
  9
$DIMTAD
 70
1
  9
$DIMZIN
 70
12
  9
$DIMBLK
  1
ARCHTICK
  9
$DIMASO
 70
1
  9
$DIMSHO
 70
1
  9
$DIMPOST
  1

  9
$DIMAPOST
  1

  9
$DIMALT
 70
0
  9
$DIMALTD
 70
3
  9
$DIMALTF
 40
0.03937007874
  9
$DIMLFAC
 40
100.0
  9
$DIMTOFL
 70
1
  9
$DIMTVP
 40
0.0
  9
$DIMTIX
 70
0
  9
$DIMSOXD
 70
0
  9
$DIMSAH
 70
0
  9
$DIMBLK1
  1

  9
$DIMBLK2
  1

  9
$DIMSTYLE
  2
EZDXF
  9
$DIMCLRD
 70
0
  9
$DIMCLRE
 70
0
  9
$DIMCLRT
 70
0
  9
$DIMTFAC
 40
0.5
  9
$DIMGAP
 40
0.1
  9
$DIMJUST
 70
0
  9
$DIMSD1
 70
0
  9
$DIMSD2
 70
0
  9
$DIMTOLJ
 70
0
  9
$DIMTZIN
 70
8
  9
$DIMALTZ
 70
0
  9
$DIMALTTZ
 70
0
  9
$DIMUPT
 70
1
  9
$DIMDEC
 70
2
  9
$DIMTDEC
 70
2
  9
$DIMALTU
 70
2
  9
$DIMALTTD
 70
3
  9
$DIMTXSTY
  7
OpenSansCondensed-Light
  9
$DIMAUNIT
 70
0
  9
$DIMADEC
 70
2
  9
$DIMALTRND
 40
0.0
  9
$DIMAZIN
 70
3
  9
$DIMDSEP
 70
46
  9
$DIMATFIT
 70
3
  9
$DIMFRAC
 70
0
  9
$DIMLDRBLK
  1

  9
$DIMLUNIT
 70
2
  9
$DIMLWD
 70
-2
  9
$DIMLWE
 70
-2
  9
$DIMTMOVE
 70
2
  9
$DIMFXL
 40
1.0
  9
$DIMFXLON
 70
0
  9
$DIMJOGANG
 40
0.785398163397
  9
$DIMTFILL
 70
0
  9
$DIMTFILLCLR
 70
0
  9
$DIMARCSYM
 70
0
  9
$DIMLTYPE
  6

  9
$DIMLTEX1
  6

  9
$DIMLTEX2
  6

  9
$DIMTXTDIRECTION
 70
0
  9
$LUNITS
 70
2
  9
$LUPREC
 70
0
  9
$SKETCHINC
 40
1.0
  9
$FILLETRAD
 40
10.0
  9
$AUNITS
 70
0
  9
$AUPREC
 70
2
  9
$MENU
  1
.
  9
$ELEVATION
 40
0.0
  9
$PELEVATION
 40
0.0
  9
$THICKNESS
 40
0.0
  9
$LIMCHECK
 70
0
  9
$CHAMFERA
 40
0.0
  9
$CHAMFERB
 40
0.0
  9
$CHAMFERC
 40
0.0
  9
$CHAMFERD
 40
0.0
  9
$SKPOLY
 70
0
  9
$TDCREATE
 40
2461314.697025463
  9
$TDUCREATE
 40
2458532.153996898
  9
$TDUPDATE
 40
2461314.697025463
  9
$TDUUPDATE
 40
2458532.1544311
  9
$TDINDWG
 40
0.0
  9
$TDUSRTIMER
 40
0.0
  9
$USRTIMER
 70
1
  9
$ANGBASE
 50
0.0
  9
$ANGDIR
 70
0
  9
$PDMODE
 70
0
  9
$PDSIZE
 40
0.0
  9
$PLINEWID
 40
0.0
  9
$SPLFRAME
 70
0
  9
$SPLINETYPE
 70
6
  9
$SPLINESEGS
 70
8
  9
$HANDSEED
  5
215
  9
$SURFTAB1
 70
6
  9
$SURFTAB2
 70
6
  9
$SURFTYPE
 70
6
  9
$SURFU
 70
6
  9
$SURFV
 70
6
  9
$UCSBASE
  2

  9
$UCSNAME
  2

  9
$UCSORG
 10
0.0
 20
0.0
 30
0.0
  9
$UCSXDIR
 10
1.0
 20
0.0
 30
0.0
  9
$UCSYDIR
 10
0.0
 20
1.0
 30
0.0
  9
$UCSORTHOREF
  2

  9
$UCSORTHOVIEW
 70
0
  9
$UCSORGTOP
 10
0.0
 20
0.0
 30
0.0
  9
$UCSORGBOTTOM
 10
0.0
 20
0.0
 30
0.0
  9
$UCSORGLEFT
 10
0.0
 20
0.0
 30
0.0
  9
$UCSORGRIGHT
 10
0.0
 20
0.0
 30
0.0
  9
$UCSORGFRONT
 10
0.0
 20
0.0
 30
0.0
  9
$UCSORGBACK
 10
0.0
 20
0.0
 30
0.0
  9
$PUCSBASE
  2

  9
$PUCSNAME
  2

  9
$PUCSORG
 10
0.0
 20
0.0
 30
0.0
  9
$PUCSXDIR
 10
1.0
 20
0.0
 30
0.0
  9
$PUCSYDIR
 10
0.0
 20
1.0
 30
0.0
  9
$PUCSORTHOREF
  2

  9
$PUCSORTHOVIEW
 70
0
  9
$PUCSORGTOP
 10
0.0
 20
0.0
 30
0.0
  9
$PUCSORGBOTTOM
 10
0.0
 20
0.0
 30
0.0
  9
$PUCSORGLEFT
 10
0.0
 20
0.0
 30
0.0
  9
$PUCSORGRIGHT
 10
0.0
 20
0.0
 30
0.0
  9
$PUCSORGFRONT
 10
0.0
 20
0.0
 30
0.0
  9
$PUCSORGBACK
 10
0.0
 20
0.0
 30
0.0
  9
$USERI1
 70
0
  9
$USERI2
 70
0
  9
$USERI3
 70
0
  9
$USERI4
 70
0
  9
$USERI5
 70
0
  9
$USERR1
 40
0.0
  9
$USERR2
 40
0.0
  9
$USERR3
 40
0.0
  9
$USERR4
 40
0.0
  9
$USERR5
 40
0.0
  9
$WORLDVIEW
 70
1
  9
$SHADEDGE
 70
3
  9
$SHADEDIF
 70
70
  9
$TILEMODE
 70
1
  9
$MAXACTVP
 70
64
  9
$PINSBASE
 10
0.0
 20
0.0
 30
0.0
  9
$PLIMCHECK
 70
0
  9
$PEXTMIN
 10
1e+20
 20
1e+20
 30
1e+20
  9
$PEXTMAX
 10
-1e+20
 20
-1e+20
 30
-1e+20
  9
$PLIMMIN
 10
0.0
 20
0.0
  9
$PLIMMAX
 10
420.0
 20
297.0
  9
$UNITMODE
 70
0
  9
$VISRETAIN
 70
1
  9
$PLINEGEN
 70
0
  9
$PSLTSCALE
 70
1
  9
$TREEDEPTH
 70
3020
  9
$CMLSTYLE
  2
Standard
  9
$CMLJUST
 70
0
  9
$CMLSCALE
 40
20.0
  9
$PROXYGRAPHICS
 70
1
  9
$MEASUREMENT
 70
1
  9
$CELWEIGHT
370
-1
  9
$ENDCAPS
280
0
  9
$JOINSTYLE
280
0
  9
$LWDISPLAY
290
1
  9
$INSUNITS
 70
4
  9
$HYPERLINKBASE
  1

  9
$STYLESHEET
  1

  9
$XEDIT
290
1
  9
$CEPSNTYPE
380
0
  9
$PSTYLEMODE
290
1
  9
$FINGERPRINTGUID
  2
{CAB8F569-BCA7-4607-8AAC-95EF7F1B304B}
  9
$VERSIONGUID
  2
{4BDCD004-C9B0-4661-8665-8FB9F8F644E7}
  9
$EXTNAMES
290
1
  9
$PSVPSCALE
 40
0.0
  9
$OLESTARTUP
290
0
  9
$SORTENTS
280
127
  9
$INDEXCTL
280
0
  9
$HIDETEXT
280
1
  9
$XCLIPFRAME
280
1
  9
$HALOGAP
280
0
  9
$OBSCOLOR
 70
257
  9
$OBSLTYPE
280
0
  9
$INTERSECTIONDISPLAY
280
0
  9
$INTERSECTIONCOLOR
 70
257
  9
$DIMASSOC
280
2
  9
$PROJECTNAME
  1

  9
$CAMERADISPLAY
290
0
  9
$LENSLENGTH
 40
50.0
  9
$CAMERAHEIGHT
 40
0.0
  9
$STEPSPERSEC
 40
24.0
  9
$STEPSIZE
 40
100.0
  9
$3DDWFPREC
 40
2.0
  9
$PSOLWIDTH
 40
0.005
  9
$PSOLHEIGHT
 40
0.08
  9
$LOFTANG1
 40
1.570796326795
  9
$LOFTANG2
 40
1.570796326795
  9
$LOFTMAG1
 40
0.0
  9
$LOFTMAG2
 40
0.0
  9
$LOFTPARAM
 70
7
  9
$LOFTNORMALS
280
1
  9
$LATITUDE
 40
37.795
  9
$LONGITUDE
 40
-122.394
  9
$NORTHDIRECTION
 40
0.0
  9
$TIMEZONE
 70
-8000
  9
$LIGHTGLYPHDISPLAY
280
1
  9
$TILEMODELIGHTSYNCH
280
1
  9
$CMATERIAL
347
20
  9
$SOLIDHIST
280
0
  9
$SHOWHIST
280
1
  9
$DWFFRAME
280
2
  9
$DGNFRAME
280
2
  9
$REALWORLDSCALE
290
1
  9
$INTERFERECOLOR
 62
256
  9
$CSHADOW
280
0
  9
$SHADOWPLANELOCATION
 40
0.0
  0
ENDSEC
  0
SECTION
  2
CLASSES
  0
CLASS
  1
ACDBDICTIONARYWDFLT
  2
AcDbDictionaryWithDefault
  3
ObjectDBX Classes
 90
0
 91
0
280
0
281
0
  0
CLASS
  1
SUN
  2
AcDbSun
  3
SCENEOE
 90
1153
 91
0
280
0
281
0
  0
CLASS
  1
VISUALSTYLE
  2
AcDbVisualStyle
  3
ObjectDBX Classes
 90
4095
 91
0
280
0
281
0
  0
CLASS
  1
MATERIAL
  2
AcDbMaterial
  3
ObjectDBX Classes
 90
1153
 91
0
280
0
281
0
  0
CLASS
  1
SCALE
  2
AcDbScale
  3
ObjectDBX Classes
 90
1153
 91
0
280
0
281
0
  0
CLASS
  1
TABLESTYLE
  2
AcDbTableStyle
  3
ObjectDBX Classes
 90
4095
 91
0
280
0
281
0
  0
CLASS
  1
MLEADERSTYLE
  2
AcDbMLeaderStyle
  3
ACDB_MLEADERSTYLE_CLASS
 90
4095
 91
0
280
0
281
0
  0
CLASS
  1
DICTIONARYVAR
  2
AcDbDictionaryVar
  3
ObjectDBX Classes
 90
0
 91
0
280
0
281
0
  0
CLASS
  1
CELLSTYLEMAP
  2
AcDbCellStyleMap
  3
ObjectDBX Classes
 90
1152
 91
0
280
0
281
0
  0
CLASS
  1
MENTALRAYRENDERSETTINGS
  2
AcDbMentalRayRenderSettings
  3
SCENEOE
 90
1024
 91
0
280
0
281
0
  0
CLASS
  1
ACDBDETAILVIEWSTYLE
  2
AcDbDetailViewStyle
  3
ObjectDBX Classes
 90
1025
 91
0
280
0
281
0
  0
CLASS
  1
ACDBSECTIONVIEWSTYLE
  2
AcDbSectionViewStyle
  3
ObjectDBX Classes
 90
1025
 91
0
280
0
281
0
  0
CLASS
  1
RASTERVARIABLES
  2
AcDbRasterVariables
  3
ISM
 90
0
 91
0
280
0
281
0
  0
CLASS
  1
ACDBPLACEHOLDER
  2
AcDbPlaceHolder
  3
ObjectDBX Classes
 90
0
 91
0
280
0
281
0
  0
CLASS
  1
LAYOUT
  2
AcDbLayout
  3
ObjectDBX Classes
 90
0
 91
0
280
0
281
0
  0
ENDSEC
  0
SECTION
  2
TABLES
  0
TABLE
  2
VPORT
  5
8
330
0
100
AcDbSymbolTable
 70
1
  0
VPORT
  5
23
330
8
100
AcDbSymbolTableRecord
100
AcDbViewportTableRecord
  2
*Active
 70
0
 10
0.0
 20
0.0
 11
1.0
 21
1.0
 12
0.0
 22
0.0
 13
0.0
 23
0.0
 14
0.5
 24
0.5
 15
0.5
 25
0.5
 16
0.0
 26
0.0
 36
1.0
 17
0.0
 27
0.0
 37
0.0
 40
1000.0
 41
1.34
 42
50.0
 43
0.0
 44
0.0
 50
0.0
 51
0.0
 71
0
 72
1000
 73
1
 74
3
 75
0
 76
0
 77
0
 78
0
281
0
 65
0
146
0.0
  0
ENDTAB
  0
TABLE
  2
LTYPE
  5
2
330
0
100
AcDbSymbolTable
 70
28
  0
LTYPE
  5
24
330
2
100
AcDbSymbolTableRecord
100
AcDbLinetypeTableRecord
  2
ByBlock
 70
0
  3

 72
65
 73
0
 40
0.0
  0
LTYPE
  5
25
330
2
100
AcDbSymbolTableRecord
100
AcDbLinetypeTableRecord
  2
ByLayer
 70
0
  3

 72
65
 73
0
 40
0.0
  0
LTYPE
  5
26
330
2
100
AcDbSymbolTableRecord
100
AcDbLinetypeTableRecord
  2
Continuous
 70
0
  3

 72
65
 73
0
 40
0.0
  0
LTYPE
  5
2F
330
2
100
AcDbSymbolTableRecord
100
AcDbLinetypeTableRecord
  2
CENTER
 70
0
  3
Center ____ _ ____ _ ____ _ ____ _ ____ _ ____
 72
65
 73
4
 40
5.08
 49
3.175
 74
0
 49
-0.635
 74
0
 49
0.635
 74
0
 49
-0.635
 74
0
  0
LTYPE
  5
30
330
2
100
AcDbSymbolTableRecord
100
AcDbLinetypeTableRecord
  2
CENTERX2
 70
0
  3
Center (2x) ________  __  ________  __  ________
 72
65
 73
4
 40
8.89
 49
6.35
 74
0
 49
-0.635
 74
0
 49
1.27
 74
0
 49
-0.635
 74
0
  0
LTYPE
  5
31
330
2
100
AcDbSymbolTableRecord
100
AcDbLinetypeTableRecord
  2
CENTER2
 70
0
  3
Center (.5x) ____ _ ____ _ ____ _ ____ _ ____
 72
65
 73
4
 40
2.54
 49
1.587
 74
0
 49
-0.318
 74
0
 49
0.318
 74
0
 49
-0.318
 74
0
  0
LTYPE
  5
32
330
2
100
AcDbSymbolTableRecord
100
AcDbLinetypeTableRecord
  2
DASHED
 70
0
  3
Dashed __ __ __ __ __ __ __ __ __ __ __ __ __ _
 72
65
 73
2
 40
1.524
 49
1.27
 74
0
 49
-0.254
 74
0
  0
LTYPE
  5
33
330
2
100
AcDbSymbolTableRecord
100
AcDbLinetypeTableRecord
  2
DASHEDX2
 70
0
  3
Dashed (2x) ____  ____  ____  ____  ____  ____
 72
65
 73
2
 40
3.048
 49
2.54
 74
0
 49
-0.508
 74
0
  0
LTYPE
  5
34
330
2
100
AcDbSymbolTableRecord
100
AcDbLinetypeTableRecord
  2
DASHED2
 70
0
  3
Dashed (.5x) _ _ _ _ _ _ _ _ _ _ _ _ _ _
 72
65
 73
2
 40
0.762
 49
0.635
 74
0
 49
-0.127
 74
0
  0
LTYPE
  5
35
330
2
100
AcDbSymbolTableRecord
100
AcDbLinetypeTableRecord
  2
PHANTOM
 70
0
  3
Phantom ______  __  __  ______  __  __  ______
 72
65
 73
6
 40
6.35
 49
3.175
 74
0
 49
-0.635
 74
0
 49
0.635
 74
0
 49
-0.635
 74
0
 49
0.635
 74
0
 49
-0.635
 74
0
  0
LTYPE
  5
36
330
2
100
AcDbSymbolTableRecord
100
AcDbLinetypeTableRecord
  2
PHANTOMX2
 70
0
  3
Phantom (2x)____________    ____    ____    ____________
 72
65
 73
6
 40
10.795
 49
6.35
 74
0
 49
-0.635
 74
0
 49
1.27
 74
0
 49
-0.635
 74
0
 49
1.27
 74
0
 49
-0.635
 74
0
  0
LTYPE
  5
37
330
2
100
AcDbSymbolTableRecord
100
AcDbLinetypeTableRecord
  2
PHANTOM2
 70
0
  3
Phantom (.5x) ___ _ _ ___ _ _ ___ _ _ ___ _ _ ___
 72
65
 73
6
 40
3.175
 49
1.587
 74
0
 49
-0.318
 74
0
 49
0.318
 74
0
 49
-0.318
 74
0
 49
0.318
 74
0
 49
-0.318
 74
0
  0
LTYPE
  5
38
330
2
100
AcDbSymbolTableRecord
100
AcDbLinetypeTableRecord
  2
DASHDOT
 70
0
  3
Dash dot __ . __ . __ . __ . __ . __ . __ . __
 72
65
 73
4
 40
3.556
 49
2.54
 74
0
 49
-0.508
 74
0
 49
0.0
 74
0
 49
-0.508
 74
0
  0
LTYPE
  5
39
330
2
100
AcDbSymbolTableRecord
100
AcDbLinetypeTableRecord
  2
DASHDOTX2
 70
0
  3
Dash dot (2x) ____  .  ____  .  ____  .  ____
 72
65
 73
4
 40
6.096
 49
5.08
 74
0
 49
-0.508
 74
0
 49
0.0
 74
0
 49
-0.508
 74
0
  0
LTYPE
  5
3A
330
2
100
AcDbSymbolTableRecord
100
AcDbLinetypeTableRecord
  2
DASHDOT2
 70
0
  3
Dash dot (.5x) _ . _ . _ . _ . _ . _ . _ . _
 72
65
 73
4
 40
1.778
 49
1.27
 74
0
 49
-0.254
 74
0
 49
0.0
 74
0
 49
-0.254
 74
0
  0
LTYPE
  5
3B
330
2
100
AcDbSymbolTableRecord
100
AcDbLinetypeTableRecord
  2
DOT
 70
0
  3
Dot .  .  .  .  .  .  .  .  .  .  .  .  .  .  .  .
 72
65
 73
2
 40
0.508
 49
0.0
 74
0
 49
-0.508
 74
0
  0
LTYPE
  5
3C
330
2
100
AcDbSymbolTableRecord
100
AcDbLinetypeTableRecord
  2
DOTX2
 70
0
  3
Dot (2x) .    .    .    .    .    .    .    . 
 72
65
 73
2
 40
1.016
 49
0.0
 74
0
 49
-1.016
 74
0
  0
LTYPE
  5
3D
330
2
100
AcDbSymbolTableRecord
100
AcDbLinetypeTableRecord
  2
DOT2
 70
0
  3
Dot (.5) . . . . . . . . . . . . . . . . . . . 
 72
65
 73
2
 40
0.254
 49
0.0
 74
0
 49
-0.254
 74
0
  0
LTYPE
  5
3E
330
2
100
AcDbSymbolTableRecord
100
AcDbLinetypeTableRecord
  2
DIVIDE
 70
0
  3
Divide __ . . __ . . __ . . __ . . __ . . __
 72
65
 73
6
 40
4.064
 49
2.54
 74
0
 49
-0.508
 74
0
 49
0.0
 74
0
 49
-0.508
 74
0
 49
0.0
 74
0
 49
-0.508
 74
0
  0
LTYPE
  5
3F
330
2
100
AcDbSymbolTableRecord
100
AcDbLinetypeTableRecord
  2
DIVIDEX2
 70
0
  3
Divide (2x) ____  . .  ____  . .  ____  . .  ____
 72
65
 73
6
 40
6.604
 49
5.08
 74
0
 49
-0.508
 74
0
 49
0.0
 74
0
 49
-0.508
 74
0
 49
0.0
 74
0
 49
-0.508
 74
0
  0
LTYPE
  5
40
330
2
100
AcDbSymbolTableRecord
100
AcDbLinetypeTableRecord
  2
DIVIDE2
 70
0
  3
Divide(.5x) _ . _ . _ . _ . _ . _ . _ . _
 72
65
 73
6
 40
2.032
 49
1.27
 74
0
 49
-0.254
 74
0
 49
0.0
 74
0
 49
-0.254
 74
0
 49
0.0
 74
0
 49
-0.254
 74
0
  0
LTYPE
  5
8A
330
2
100
AcDbSymbolTableRecord
100
AcDbLinetypeTableRecord
  2
RNR_GRID
 70
0
  3
Grid ____ _ ____
 72
65
 73
4
 40
20.64
 49
12.7
 74
0
 49
-3.175
 74
0
 49
1.5875
 74
0
 49
-3.175
 74
0
  0
LTYPE
  5
8B
330
2
100
AcDbSymbolTableRecord
100
AcDbLinetypeTableRecord
  2
RNR_HIDDEN
 70
0
  3
Hidden __ __
 72
65
 73
2
 40
9.525
 49
6.35
 74
0
 49
-3.175
 74
0
  0
LTYPE
  5
8C
330
2
100
AcDbSymbolTableRecord
100
AcDbLinetypeTableRecord
  2
RNR_DEMO
 70
0
  3
Demolition _ _
 72
65
 73
2
 40
6.35
 49
3.175
 74
0
 49
-3.175
 74
0
  0
LTYPE
  5
8D
330
2
100
AcDbSymbolTableRecord
100
AcDbLinetypeTableRecord
  2
RNR_BOUNDARY
 70
0
  3
Boundary ____ _ _
 72
65
 73
6
 40
28.575
 49
19.05
 74
0
 49
-3.175
 74
0
 49
1.5875
 74
0
 49
-3.175
 74
0
 49
1.5875
 74
0
 49
-3.175
 74
0
  0
LTYPE
  5
8E
330
2
100
AcDbSymbolTableRecord
100
AcDbLinetypeTableRecord
  2
RNR_JOINT
 70
0
  3
Joint __ .
 72
65
 73
4
 40
14.29
 49
9.525
 74
0
 49
-2.3800000000000003
 74
0
 49
0.0
 74
0
 49
-2.3800000000000003
 74
0
  0
LTYPE
  5
8F
330
2
100
AcDbSymbolTableRecord
100
AcDbLinetypeTableRecord
  2
RNR_UTILITY
 70
0
  3
Utility ___ . .
 72
65
 73
6
 40
17.45
 49
12.7
 74
0
 49
-2.3800000000000003
 74
0
 49
0.0
 74
0
 49
-2.3800000000000003
 74
0
 49
0.0
 74
0
 49
-2.3800000000000003
 74
0
  0
LTYPE
  5
90
330
2
100
AcDbSymbolTableRecord
100
AcDbLinetypeTableRecord
  2
RNR_WATER
 70
0
  3
Water ___ __
 72
65
 73
4
 40
22.220000000000002
 49
12.7
 74
0
 49
-2.3800000000000003
 74
0
 49
6.35
 74
0
 49
-2.3800000000000003
 74
0
  0
ENDTAB
  0
TABLE
  2
LAYER
  5
1
330
0
100
AcDbSymbolTable
 70
89
  0
LAYER
  5
27
330
1
100
AcDbSymbolTableRecord
100
AcDbLayerTableRecord
  2
0
 70
0
 62
7
  6
Continuous
370
-3
390
13
347
21
  0
LAYER
  5
28
330
1
100
AcDbSymbolTableRecord
100
AcDbLayerTableRecord
  2
Defpoints
 70
0
 62
7
  6
Continuous
290
0
370
-3
390
13
347
21
  0
LAYER
  5
96
330
1
100
AcDbSymbolTableRecord
100
AcDbLayerTableRecord
  2
A-WALL
 70
0
 62
13
420
15087942
  6
Continuous
370
50
390
13
347
21
1001
AcAecLayerStandard
1000

1000
Walls - cut
  0
LAYER
  5
98
330
1
100
AcDbSymbolTableRecord
100
AcDbLayerTableRecord
  2
A-WALL-EXST
 70
0
 62
252
420
9868950
  6
Continuous
370
25
390
13
347
21
1001
AcAecLayerStandard
1000

1000
Walls - existing
  0
LAYER
  5
99
330
1
100
AcDbSymbolTableRecord
100
AcDbLayerTableRecord
  2
A-WALL-DEMO
 70
0
 62
11
420
16731501
  6
RNR_DEMO
370
25
390
13
347
21
1001
AcAecLayerStandard
1000

1000
Walls - demolition
  0
LAYER
  5
9A
330
1
100
AcDbSymbolTableRecord
100
AcDbLayerTableRecord
  2
A-DOOR
 70
0
 62
40
420
16758531
  6
Continuous
370
25
390
13
347
21
1001
AcAecLayerStandard
1000

1000
Doors
  0
LAYER
  5
9B
330
1
100
AcDbSymbolTableRecord
100
AcDbLayerTableRecord
  2
A-WINDOW
 70
0
 62
133
420
4770532
  6
Continuous
370
25
390
13
347
21
1001
AcAecLayerStandard
1000

1000
Windows
  0
LAYER
  5
9C
330
1
100
AcDbSymbolTableRecord
100
AcDbLayerTableRecord
  2
A-GLAZ
 70
0
 62
141
420
9494767
  6
Continuous
370
18
390
13
347
21
1001
AcAecLayerStandard
1000

1000
Glazing
1001
AcCmTransparency
1071
33554636
  0
LAYER
  5
9E
330
1
100
AcDbSymbolTableRecord
100
AcDbLayerTableRecord
  2
A-FURN
 70
0
 62
233
420
11895693
  6
Continuous
370
18
390
13
347
21
1001
AcAecLayerStandard
1000

1000
Furniture
  0
LAYER
  5
9F
330
1
100
AcDbSymbolTableRecord
100
AcDbLayerTableRecord
  2
A-FIXTURE
 70
0
 62
75
420
6986062
  6
Continuous
370
18
390
13
347
21
1001
AcAecLayerStandard
1000

1000
Sanitary / kitchen fixtures
  0
LAYER
  5
A0
330
1
100
AcDbSymbolTableRecord
100
AcDbLayerTableRecord
  2
A-FLOR
 70
0
 62
33
420
14524766
  6
Continuous
370
13
390
13
347
21
1001
AcAecLayerStandard
1000

1000
Floor finish patterns
1001
AcCmTransparency
1071
33554559
  0
LAYER
  5
A1
330
1
100
AcDbSymbolTableRecord
100
AcDbLayerTableRecord
  2
A-CEIL
 70
0
 62
9
420
12368049
  6
RNR_HIDDEN
370
13
390
13
347
21
1001
AcAecLayerStandard
1000

1000
Reflected ceiling
1001
AcCmTransparency
1071
33554610
  0
LAYER
  5
A2
330
1
100
AcDbSymbolTableRecord
100
AcDbLayerTableRecord
  2
A-ROOF
 70
0
 62
32
420
12348453
  6
Continuous
370
35
390
13
347
21
1001
AcAecLayerStandard
1000

1000
Roof outline
  0
LAYER
  5
A3
330
1
100
AcDbSymbolTableRecord
100
AcDbLayerTableRecord
  2
A-STAIR
 70
0
 62
241
420
16748459
  6
Continuous
370
25
390
13
347
21
1001
AcAecLayerStandard
1000

1000
Stairs - architectural
  0
LAYER
  5
A4
330
1
100
AcDbSymbolTableRecord
100
AcDbLayerTableRecord
  2
A-RAMP
 70
0
 62
231
420
16757702
  6
Continuous
370
25
390
13
347
21
1001
AcAecLayerStandard
1000

1000
Ramps
  0
LAYER
  5
A5
330
1
100
AcDbSymbolTableRecord
100
AcDbLayerTableRecord
  2
A-ROOM
 70
0
 62
193
420
10182117
  6
Continuous
370
18
390
13
347
21
1001
AcAecLayerStandard
1000

1000
Room tags and areas
  0
LAYER
  5
A6
330
1
100
AcDbSymbolTableRecord
100
AcDbLayerTableRecord
  2
A-TEXT
 70
0
 62
254
420
15132390
  6
Continuous
370
18
390
13
347
21
1001
AcAecLayerStandard
1000

1000
Architectural text
  0
LAYER
  5
A7
330
1
100
AcDbSymbolTableRecord
100
AcDbLayerTableRecord
  2
A-DIMS
 70
0
 62
30
420
16752412
  6
Continuous
370
18
390
13
347
21
1001
AcAecLayerStandard
1000

1000
Architectural dimensions
  0
LAYER
  5
A8
330
1
100
AcDbSymbolTableRecord
100
AcDbLayerTableRecord
  2
A-HATCH
 70
0
 62
13
420
13062470
  6
Continuous
370
9
390
13
347
21
1001
AcAecLayerStandard
1000

1000
Architectural hatch
1001
AcCmTransparency
1071
33554585
  0
LAYER
  5
A9
330
1
100
AcDbSymbolTableRecord
100
AcDbLayerTableRecord
  2
A-ELEV
 70
0
 62
140
420
48121
  6
Continuous
370
25
390
13
347
21
1001
AcAecLayerStandard
1000

1000
Elevations
  0
LAYER
  5
AA
330
1
100
AcDbSymbolTableRecord
100
AcDbLayerTableRecord
  2
A-SECT
 70
0
 62
223
420
15817653
  6
Continuous
370
35
390
13
347
21
1001
AcAecLayerStandard
1000

1000
Sections
  0
LAYER
  5
AB
330
1
100
AcDbSymbolTableRecord
100
AcDbLayerTableRecord
  2
A-DETAIL
 70
0
 62
41
420
16704576
  6
Continuous
370
25
390
13
347
21
1001
AcAecLayerStandard
1000

1000
Details
  0
LAYER
  5
AC
330
1
100
AcDbSymbolTableRecord
100
AcDbLayerTableRecord
  2
S-GRID
 70
0
 62
253
420
11384253
  6
RNR_GRID
370
18
390
13
347
21
1001
AcAecLayerStandard
1000

1000
Structural grid lines
  0
LAYER
  5
AD
330
1
100
AcDbSymbolTableRecord
100
AcDbLayerTableRecord
  2
S-COL
 70
0
 62
22
420
14034984
  6
Continuous
370
50
390
13
347
21
1001
AcAecLayerStandard
1000

1000
Columns
  0
LAYER
  5
AE
330
1
100
AcDbSymbolTableRecord
100
AcDbLayerTableRecord
  2
S-COL-TEXT
 70
0
 62
30
420
16219904
  6
Continuous
370
18
390
13
347
21
1001
AcAecLayerStandard
1000

1000
Column marks
  0
LAYER
  5
AF
330
1
100
AcDbSymbolTableRecord
100
AcDbLayerTableRecord
  2
S-BEAM
 70
0
 62
152
420
30646
  6
Continuous
370
35
390
13
347
21
1001
AcAecLayerStandard
1000

1000
Beams
  0
LAYER
  5
B0
330
1
100
AcDbSymbolTableRecord
100
AcDbLayerTableRecord
  2
S-BEAM-HIDDEN
 70
0
 62
142
420
38599
  6
RNR_HIDDEN
370
25
390
13
347
21
1001
AcAecLayerStandard
1000

1000
Hidden / drop beams below slab
  0
LAYER
  5
B1
330
1
100
AcDbSymbolTableRecord
100
AcDbLayerTableRecord
  2
S-BEAM-TEXT
 70
0
 62
132
420
46296
  6
Continuous
370
18
390
13
347
21
1001
AcAecLayerStandard
1000

1000
Beam marks
  0
LAYER
  5
B2
330
1
100
AcDbSymbolTableRecord
100
AcDbLayerTableRecord
  2
S-SLAB
 70
0
 62
103
420
5420936
  6
Continuous
370
25
390
13
347
21
1001
AcAecLayerStandard
1000

1000
Slabs
  0
LAYER
  5
B3
330
1
100
AcDbSymbolTableRecord
100
AcDbLayerTableRecord
  2
S-SLAB-OPEN
 70
0
 62
254
420
14218204
  6
Continuous
370
25
390
13
347
21
1001
AcAecLayerStandard
1000

1000
Slab openings
  0
LAYER
  5
B4
330
1
100
AcDbSymbolTableRecord
100
AcDbLayerTableRecord
  2
S-FTG
 70
0
 62
27
420
10049578
  6
Continuous
370
35
390
13
347
21
1001
AcAecLayerStandard
1000

1000
Footings
  0
LAYER
  5
B5
330
1
100
AcDbSymbolTableRecord
100
AcDbLayerTableRecord
  2
S-PILE
 70
0
 62
26
420
7281947
  6
Continuous
370
35
390
13
347
21
1001
AcAecLayerStandard
1000

1000
Piles
  0
LAYER
  5
B6
330
1
100
AcDbSymbolTableRecord
100
AcDbLayerTableRecord
  2
S-PILECAP
 70
0
 62
33
420
12293207
  6
Continuous
370
35
390
13
347
21
1001
AcAecLayerStandard
1000

1000
Pile caps
  0
LAYER
  5
B7
330
1
100
AcDbSymbolTableRecord
100
AcDbLayerTableRecord
  2
S-SW
 70
0
 62
14
420
10289672
  6
Continuous
370
50
390
13
347
21
1001
AcAecLayerStandard
1000

1000
Shear walls / core walls
  0
LAYER
  5
B8
330
1
100
AcDbSymbolTableRecord
100
AcDbLayerTableRecord
  2
S-STIRRUP
 70
0
 62
230
420
16711790
  6
Continuous
370
25
390
13
347
21
1001
AcAecLayerStandard
1000

1000
Stirrups / ties / links
  0
LAYER
  5
B9
330
1
100
AcDbSymbolTableRecord
100
AcDbLayerTableRecord
  2
S-REBAR
 70
0
 62
20
420
16471559
  6
Continuous
370
35
390
13
347
21
1001
AcAecLayerStandard
1000

1000
Main reinforcement
  0
LAYER
  5
BA
330
1
100
AcDbSymbolTableRecord
100
AcDbLayerTableRecord
  2
S-REBAR-DIST
 70
0
 62
40
420
16760331
  6
Continuous
370
25
390
13
347
21
1001
AcAecLayerStandard
1000

1000
Distribution reinforcement
  0
LAYER
  5
BB
330
1
100
AcDbSymbolTableRecord
100
AcDbLayerTableRecord
  2
S-REBAR-TEXT
 70
0
 62
183
420
8599788
  6
Continuous
370
18
390
13
347
21
1001
AcAecLayerStandard
1000

1000
Reinforcement notes
  0
LAYER
  5
BC
330
1
100
AcDbSymbolTableRecord
100
AcDbLayerTableRecord
  2
S-STAIR
 70
0
 62
13
420
15681391
  6
Continuous
370
35
390
13
347
21
1001
AcAecLayerStandard
1000

1000
Structural stairs
  0
LAYER
  5
BD
330
1
100
AcDbSymbolTableRecord
100
AcDbLayerTableRecord
  2
S-RAMP
 70
0
 62
41
420
16765286
  6
Continuous
370
25
390
13
347
21
1001
AcAecLayerStandard
1000

1000
Structural ramps
  0
LAYER
  5
BE
330
1
100
AcDbSymbolTableRecord
100
AcDbLayerTableRecord
  2
S-ROOF
 70
0
 62
122
420
448160
  6
Continuous
370
35
390
13
347
21
1001
AcAecLayerStandard
1000

1000
Roof structure
  0
LAYER
  5
BF
330
1
100
AcDbSymbolTableRecord
100
AcDbLayerTableRecord
  2
S-TANK
 70
0
 62
134
420
1149618
  6
Continuous
370
35
390
13
347
21
1001
AcAecLayerStandard
1000

1000
Water tanks
  0
LAYER
  5
C0
330
1
100
AcDbSymbolTableRecord
100
AcDbLayerTableRecord
  2
S-RWALL
 70
0
 62
148
420
473932
  6
Continuous
370
50
390
13
347
21
1001
AcAecLayerStandard
1000

1000
Retaining walls
  0
LAYER
  5
C1
330
1
100
AcDbSymbolTableRecord
100
AcDbLayerTableRecord
  2
S-JOINT
 70
0
 62
123
420
8635838
  6
RNR_JOINT
370
25
390
13
347
21
1001
AcAecLayerStandard
1000

1000
Expansion / construction joints
  0
LAYER
  5
C2
330
1
100
AcDbSymbolTableRecord
100
AcDbLayerTableRecord
  2
S-SECTION
 70
0
 62
150
420
3835647
  6
Continuous
370
35
390
13
347
21
1001
AcAecLayerStandard
1000

1000
Structural sections
  0
LAYER
  5
C3
330
1
100
AcDbSymbolTableRecord
100
AcDbLayerTableRecord
  2
S-DETAIL
 70
0
 62
123
420
8635838
  6
Continuous
370
25
390
13
347
21
1001
AcAecLayerStandard
1000

1000
Structural details
  0
LAYER
  5
C4
330
1
100
AcDbSymbolTableRecord
100
AcDbLayerTableRecord
  2
S-DIMS
 70
0
 62
132
420
3065014
  6
Continuous
370
18
390
13
347
21
1001
AcAecLayerStandard
1000

1000
Structural dimensions
  0
LAYER
  5
C5
330
1
100
AcDbSymbolTableRecord
100
AcDbLayerTableRecord
  2
S-TEXT
 70
0
 62
254
420
15132390
  6
Continuous
370
18
390
13
347
21
1001
AcAecLayerStandard
1000

1000
Structural text
  0
LAYER
  5
C6
330
1
100
AcDbSymbolTableRecord
100
AcDbLayerTableRecord
  2
S-HATCH
 70
0
 62
252
420
9211040
  6
Continuous
370
9
390
13
347
21
1001
AcAecLayerStandard
1000

1000
Structural hatch (concrete)
1001
AcCmTransparency
1071
33554585
  0
LAYER
  5
C7
330
1
100
AcDbSymbolTableRecord
100
AcDbLayerTableRecord
  2
C-SITE
 70
0
 62
77
420
6319160
  6
Continuous
370
25
390
13
347
21
1001
AcAecLayerStandard
1000

1000
Site features
  0
LAYER
  5
C8
330
1
100
AcDbSymbolTableRecord
100
AcDbLayerTableRecord
  2
C-BOUNDARY
 70
0
 62
22
420
14429954
  6
RNR_BOUNDARY
370
50
390
13
347
21
1001
AcAecLayerStandard
1000

1000
Property boundary
  0
LAYER
  5
C9
330
1
100
AcDbSymbolTableRecord
100
AcDbLayerTableRecord
  2
C-ROAD
 70
0
 62
251
420
4804695
  6
Continuous
370
35
390
13
347
21
1001
AcAecLayerStandard
1000

1000
Roads
  0
LAYER
  5
CA
330
1
100
AcDbSymbolTableRecord
100
AcDbLayerTableRecord
  2
C-CURB
 70
0
 62
8
420
7107965
  6
Continuous
370
25
390
13
347
21
1001
AcAecLayerStandard
1000

1000
Curbs
  0
LAYER
  5
CB
330
1
100
AcDbSymbolTableRecord
100
AcDbLayerTableRecord
  2
C-DRAIN
 70
0
 62
146
420
24435
  6
Continuous
370
35
390
13
347
21
1001
AcAecLayerStandard
1000

1000
Surface drains
  0
LAYER
  5
CC
330
1
100
AcDbSymbolTableRecord
100
AcDbLayerTableRecord
  2
C-GRADE
 70
0
 62
253
420
9753277
  6
Continuous
370
18
390
13
347
21
1001
AcAecLayerStandard
1000

1000
Grading / spot levels
  0
LAYER
  5
CD
330
1
100
AcDbSymbolTableRecord
100
AcDbLayerTableRecord
  2
C-CONTOUR
 70
0
 62
32
420
13264642
  6
Continuous
370
25
390
13
347
21
1001
AcAecLayerStandard
1000

1000
Contours
  0
LAYER
  5
CE
330
1
100
AcDbSymbolTableRecord
100
AcDbLayerTableRecord
  2
C-UTILITY
 70
0
 62
24
420
11411474
  6
RNR_UTILITY
370
25
390
13
347
21
1001
AcAecLayerStandard
1000

1000
Underground utilities
  0
LAYER
  5
CF
330
1
100
AcDbSymbolTableRecord
100
AcDbLayerTableRecord
  2
C-LANDSCAPE
 70
0
 62
9
420
13424046
  6
Continuous
370
18
390
13
347
21
1001
AcAecLayerStandard
1000

1000
Landscape / hardscape
  0
LAYER
  5
D0
330
1
100
AcDbSymbolTableRecord
100
AcDbLayerTableRecord
  2
C-TREE
 70
0
 62
82
420
3715072
  6
Continuous
370
18
390
13
347
21
1001
AcAecLayerStandard
1000

1000
Trees and planting
  0
LAYER
  5
D1
330
1
100
AcDbSymbolTableRecord
100
AcDbLayerTableRecord
  2
P-WATER
 70
0
 62
150
420
38655
  6
RNR_WATER
370
25
390
13
347
21
1001
AcAecLayerStandard
1000

1000
Water supply
  0
LAYER
  5
D2
330
1
100
AcDbSymbolTableRecord
100
AcDbLayerTableRecord
  2
P-DRAIN
 70
0
 62
98
420
25600
  6
RNR_HIDDEN
370
35
390
13
347
21
1001
AcAecLayerStandard
1000

1000
Storm drain pipe
  0
LAYER
  5
D3
330
1
100
AcDbSymbolTableRecord
100
AcDbLayerTableRecord
  2
P-SANITARY
 70
0
 62
36
420
9127187
  6
Continuous
370
35
390
13
347
21
1001
AcAecLayerStandard
1000

1000
Sanitary / soil pipe
  0
LAYER
  5
D4
330
1
100
AcDbSymbolTableRecord
100
AcDbLayerTableRecord
  2
P-PIPE
 70
0
 62
145
420
4620980
  6
Continuous
370
25
390
13
347
21
1001
AcAecLayerStandard
1000

1000
General piping
  0
LAYER
  5
D5
330
1
100
AcDbSymbolTableRecord
100
AcDbLayerTableRecord
  2
P-FIXTURE
 70
0
 62
153
420
6591981
  6
Continuous
370
18
390
13
347
21
1001
AcAecLayerStandard
1000

1000
Plumbing fixtures
  0
LAYER
  5
D6
330
1
100
AcDbSymbolTableRecord
100
AcDbLayerTableRecord
  2
E-LIGHT
 70
0
 62
40
420
16766474
  6
Continuous
370
18
390
13
347
21
1001
AcAecLayerStandard
1000

1000
Lighting
  0
LAYER
  5
D7
330
1
100
AcDbSymbolTableRecord
100
AcDbLayerTableRecord
  2
E-POWER
 70
0
 62
20
420
16734003
  6
Continuous
370
25
390
13
347
21
1001
AcAecLayerStandard
1000

1000
Power
  0
LAYER
  5
D8
330
1
100
AcDbSymbolTableRecord
100
AcDbLayerTableRecord
  2
E-SOCKET
 70
0
 62
242
420
13041721
  6
Continuous
370
18
390
13
347
21
1001
AcAecLayerStandard
1000

1000
Sockets
  0
LAYER
  5
D9
330
1
100
AcDbSymbolTableRecord
100
AcDbLayerTableRecord
  2
E-SWITCH
 70
0
 62
234
420
9440319
  6
Continuous
370
18
390
13
347
21
1001
AcAecLayerStandard
1000

1000
Switches
  0
LAYER
  5
DA
330
1
100
AcDbSymbolTableRecord
100
AcDbLayerTableRecord
  2
E-CABLE
 70
0
 62
229
420
5773381
  6
RNR_HIDDEN
370
18
390
13
347
21
1001
AcAecLayerStandard
1000

1000
Cable runs
  0
LAYER
  5
DB
330
1
100
AcDbSymbolTableRecord
100
AcDbLayerTableRecord
  2
E-PANEL
 70
0
 62
40
420
16761600
  6
Continuous
370
35
390
13
347
21
1001
AcAecLayerStandard
1000

1000
Distribution boards
  0
LAYER
  5
DC
330
1
100
AcDbSymbolTableRecord
100
AcDbLayerTableRecord
  2
M-DUCT
 70
0
 62
153
420
4756975
  6
Continuous
370
25
390
13
347
21
1001
AcAecLayerStandard
1000

1000
HVAC ducts
  0
LAYER
  5
DD
330
1
100
AcDbSymbolTableRecord
100
AcDbLayerTableRecord
  2
M-EQUIP
 70
0
 62
175
420
4143049
  6
Continuous
370
35
390
13
347
21
1001
AcAecLayerStandard
1000

1000
HVAC equipment
  0
LAYER
  5
DE
330
1
100
AcDbSymbolTableRecord
100
AcDbLayerTableRecord
  2
ANNO-TEXT
 70
0
 62
7
420
16777215
  6
Continuous
370
18
390
13
347
21
1001
AcAecLayerStandard
1000

1000
General annotation text
  0
LAYER
  5
DF
330
1
100
AcDbSymbolTableRecord
100
AcDbLayerTableRecord
  2
ANNO-DIMS
 70
0
 62
30
420
16752412
  6
Continuous
370
18
390
13
347
21
1001
AcAecLayerStandard
1000

1000
General dimensions
  0
LAYER
  5
E0
330
1
100
AcDbSymbolTableRecord
100
AcDbLayerTableRecord
  2
ANNO-TAGS
 70
0
 62
41
420
16766629
  6
Continuous
370
18
390
13
347
21
1001
AcAecLayerStandard
1000

1000
Tags
  0
LAYER
  5
E1
330
1
100
AcDbSymbolTableRecord
100
AcDbLayerTableRecord
  2
ANNO-GRID
 70
0
 62
7
420
16316922
  6
Continuous
370
25
390
13
347
21
1001
AcAecLayerStandard
1000

1000
Grid bubbles and labels
  0
LAYER
  5
E2
330
1
100
AcDbSymbolTableRecord
100
AcDbLayerTableRecord
  2
ANNO-NORTH
 70
0
 62
254
420
13303743
  6
Continuous
370
25
390
13
347
21
1001
AcAecLayerStandard
1000

1000
North arrow
  0
LAYER
  5
E3
330
1
100
AcDbSymbolTableRecord
100
AcDbLayerTableRecord
  2
ANNO-LEVEL
 70
0
 62
51
420
16646070
  6
Continuous
370
18
390
13
347
21
1001
AcAecLayerStandard
1000

1000
Level marks
  0
LAYER
  5
E4
330
1
100
AcDbSymbolTableRecord
100
AcDbLayerTableRecord
  2
ANNO-SECTION
 70
0
 62
131
420
10221311
  6
Continuous
370
25
390
13
347
21
1001
AcAecLayerStandard
1000

1000
Section marks
  0
LAYER
  5
E5
330
1
100
AcDbSymbolTableRecord
100
AcDbLayerTableRecord
  2
ANNO-DETAIL
 70
0
 62
151
420
10536191
  6
Continuous
370
25
390
13
347
21
1001
AcAecLayerStandard
1000

1000
Detail marks
  0
LAYER
  5
E6
330
1
100
AcDbSymbolTableRecord
100
AcDbLayerTableRecord
  2
ANNO-TITLE
 70
0
 62
7
420
16762623
  6
Continuous
370
35
390
13
347
21
1001
AcAecLayerStandard
1000

1000
Title block
  0
LAYER
  5
E7
330
1
100
AcDbSymbolTableRecord
100
AcDbLayerTableRecord
  2
ANNO-LEADER
 70
0
 62
21
420
16756141
  6
Continuous
370
18
390
13
347
21
1001
AcAecLayerStandard
1000

1000
Leaders / multileaders
  0
LAYER
  5
E8
330
1
100
AcDbSymbolTableRecord
100
AcDbLayerTableRecord
  2
ANNO-SCHEDULE
 70
0
 62
9
420
13158600
  6
Continuous
370
18
390
13
347
21
1001
AcAecLayerStandard
1000

1000
Schedules / tables
  0
LAYER
  5
E9
330
1
100
AcDbSymbolTableRecord
100
AcDbLayerTableRecord
  2
XREF
 70
0
 62
8
420
7895160
  6
Continuous
370
13
390
13
347
21
1001
AcAecLayerStandard
1000

1000
External references
1001
AcCmTransparency
1071
33554559
  0
LAYER
  5
EA
330
1
100
AcDbSymbolTableRecord
100
AcDbLayerTableRecord
  2
XREF-ARCH
 70
0
 62
8
420
9203310
  6
Continuous
370
13
390
13
347
21
1001
AcAecLayerStandard
1000

1000
Architectural xrefs
1001
AcCmTransparency
1071
33554559
  0
LAYER
  5
EB
330
1
100
AcDbSymbolTableRecord
100
AcDbLayerTableRecord
  2
XREF-STRUCT
 70
0
 62
8
420
7237260
  6
Continuous
370
13
390
13
347
21
1001
AcAecLayerStandard
1000

1000
Structural xrefs
1001
AcCmTransparency
1071
33554559
  0
LAYER
  5
EC
330
1
100
AcDbSymbolTableRecord
100
AcDbLayerTableRecord
  2
XREF-MEP
 70
0
 62
8
420
7244910
  6
Continuous
370
13
390
13
347
21
1001
AcAecLayerStandard
1000

1000
MEP xrefs
1001
AcCmTransparency
1071
33554559
  0
LAYER
  5
ED
330
1
100
AcDbSymbolTableRecord
100
AcDbLayerTableRecord
  2
Z-CONST
 70
0
 62
251
420
5921370
  6
RNR_HIDDEN
290
0
370
9
390
13
347
21
1001
AcAecLayerStandard
1000

1000
Construction lines (no plot)
1001
AcCmTransparency
1071
33554534
  0
LAYER
  5
EE
330
1
100
AcDbSymbolTableRecord
100
AcDbLayerTableRecord
  2
Z-VPORT
 70
0
 62
251
420
5263440
  6
Continuous
290
0
370
9
390
13
347
21
1001
AcAecLayerStandard
1000

1000
Viewports (no plot)
  0
ENDTAB
  0
TABLE
  2
STYLE
  5
5
330
0
100
AcDbSymbolTable
 70
31
  0
STYLE
  5
29
330
5
100
AcDbSymbolTableRecord
100
AcDbTextStyleTableRecord
  2
Standard
 70
0
 40
0.0
 41
1.0
 50
0.0
 71
0
 42
2.5
  3
txt
  4

  0
STYLE
  5
41
330
5
100
AcDbSymbolTableRecord
100
AcDbTextStyleTableRecord
  2
OpenSans-Light
 70
0
 40
0.0
 41
1.0
 50
0.0
 71
0
 42
2.5
  3
OpenSans-Light.ttf
  4

  0
STYLE
  5
42
330
5
100
AcDbSymbolTableRecord
100
AcDbTextStyleTableRecord
  2
OpenSans-Light-Italic
 70
0
 40
0.0
 41
1.0
 50
0.0
 71
0
 42
2.5
  3
OpenSans-LightItalic.ttf
  4

  0
STYLE
  5
43
330
5
100
AcDbSymbolTableRecord
100
AcDbTextStyleTableRecord
  2
OpenSans
 70
0
 40
0.0
 41
1.0
 50
0.0
 71
0
 42
2.5
  3
OpenSans-Regular.ttf
  4

  0
STYLE
  5
44
330
5
100
AcDbSymbolTableRecord
100
AcDbTextStyleTableRecord
  2
OpenSans-Italic
 70
0
 40
0.0
 41
1.0
 50
0.0
 71
0
 42
2.5
  3
OpenSans-Italic.ttf
  4

  0
STYLE
  5
45
330
5
100
AcDbSymbolTableRecord
100
AcDbTextStyleTableRecord
  2
OpenSans-SemiBold
 70
0
 40
0.0
 41
1.0
 50
0.0
 71
0
 42
2.5
  3
OpenSans-SemiBold.ttf
  4

  0
STYLE
  5
46
330
5
100
AcDbSymbolTableRecord
100
AcDbTextStyleTableRecord
  2
OpenSans-SemiBoldItalic
 70
0
 40
0.0
 41
1.0
 50
0.0
 71
0
 42
2.5
  3
OpenSans-SemiBoldItalic.ttf
  4

  0
STYLE
  5
47
330
5
100
AcDbSymbolTableRecord
100
AcDbTextStyleTableRecord
  2
OpenSans-Bold
 70
0
 40
0.0
 41
1.0
 50
0.0
 71
0
 42
2.5
  3
OpenSans-Bold.ttf
  4

  0
STYLE
  5
48
330
5
100
AcDbSymbolTableRecord
100
AcDbTextStyleTableRecord
  2
OpenSans-BoldItalic
 70
0
 40
0.0
 41
1.0
 50
0.0
 71
0
 42
2.5
  3
OpenSans-BoldItalic.ttf
  4

  0
STYLE
  5
49
330
5
100
AcDbSymbolTableRecord
100
AcDbTextStyleTableRecord
  2
OpenSans-ExtraBold
 70
0
 40
0.0
 41
1.0
 50
0.0
 71
0
 42
2.5
  3
OpenSans-ExtraBold.ttf
  4

  0
STYLE
  5
4A
330
5
100
AcDbSymbolTableRecord
100
AcDbTextStyleTableRecord
  2
OpenSans-ExtraBoldItalic
 70
0
 40
0.0
 41
1.0
 50
0.0
 71
0
 42
2.5
  3
OpenSans-ExtraBoldItalic.ttf
  4

  0
STYLE
  5
4B
330
5
100
AcDbSymbolTableRecord
100
AcDbTextStyleTableRecord
  2
OpenSansCondensed-Bold
 70
0
 40
0.0
 41
1.0
 50
0.0
 71
0
 42
2.5
  3
OpenSansCondensed-Bold.ttf
  4

  0
STYLE
  5
4C
330
5
100
AcDbSymbolTableRecord
100
AcDbTextStyleTableRecord
  2
OpenSansCondensed-Light
 70
0
 40
0.0
 41
1.0
 50
0.0
 71
0
 42
2.5
  3
OpenSansCondensed-Light.ttf
  4

  0
STYLE
  5
4D
330
5
100
AcDbSymbolTableRecord
100
AcDbTextStyleTableRecord
  2
OpenSansCondensed-Italic
 70
0
 40
0.0
 41
1.0
 50
0.0
 71
0
 42
2.5
  3
OpenSansCondensed-LightItalic.ttf
  4

  0
STYLE
  5
4E
330
5
100
AcDbSymbolTableRecord
100
AcDbTextStyleTableRecord
  2
LiberationSans
 70
0
 40
0.0
 41
1.0
 50
0.0
 71
0
 42
2.5
  3
LiberationSans-Regular.ttf
  4

  0
STYLE
  5
4F
330
5
100
AcDbSymbolTableRecord
100
AcDbTextStyleTableRecord
  2
LiberationSans-Bold
 70
0
 40
0.0
 41
1.0
 50
0.0
 71
0
 42
2.5
  3
LiberationSans-Bold.ttf
  4

  0
STYLE
  5
50
330
5
100
AcDbSymbolTableRecord
100
AcDbTextStyleTableRecord
  2
LiberationSans-BoldItalic
 70
0
 40
0.0
 41
1.0
 50
0.0
 71
0
 42
2.5
  3
LiberationSans-BoldItalic.ttf
  4

  0
STYLE
  5
51
330
5
100
AcDbSymbolTableRecord
100
AcDbTextStyleTableRecord
  2
LiberationSans-Italic
 70
0
 40
0.0
 41
1.0
 50
0.0
 71
0
 42
2.5
  3
LiberationSans-Italic.ttf
  4

  0
STYLE
  5
52
330
5
100
AcDbSymbolTableRecord
100
AcDbTextStyleTableRecord
  2
LiberationSerif
 70
0
 40
0.0
 41
1.0
 50
0.0
 71
0
 42
2.5
  3
LiberationSerif-Regular.ttf
  4

  0
STYLE
  5
53
330
5
100
AcDbSymbolTableRecord
100
AcDbTextStyleTableRecord
  2
LiberationSerif-Bold
 70
0
 40
0.0
 41
1.0
 50
0.0
 71
0
 42
2.5
  3
LiberationSerif-Bold.ttf
  4

  0
STYLE
  5
54
330
5
100
AcDbSymbolTableRecord
100
AcDbTextStyleTableRecord
  2
LiberationSerif-BoldItalic
 70
0
 40
0.0
 41
1.0
 50
0.0
 71
0
 42
2.5
  3
LiberationSerif-BoldItalic.ttf
  4

  0
STYLE
  5
55
330
5
100
AcDbSymbolTableRecord
100
AcDbTextStyleTableRecord
  2
LiberationSerif-Italic
 70
0
 40
0.0
 41
1.0
 50
0.0
 71
0
 42
2.5
  3
LiberationSerif-Italic.ttf
  4

  0
STYLE
  5
56
330
5
100
AcDbSymbolTableRecord
100
AcDbTextStyleTableRecord
  2
LiberationMono
 70
0
 40
0.0
 41
1.0
 50
0.0
 71
0
 42
2.5
  3
LiberationMono-Regular.ttf
  4

  0
STYLE
  5
57
330
5
100
AcDbSymbolTableRecord
100
AcDbTextStyleTableRecord
  2
LiberationMono-Bold
 70
0
 40
0.0
 41
1.0
 50
0.0
 71
0
 42
2.5
  3
LiberationMono-Bold.ttf
  4

  0
STYLE
  5
58
330
5
100
AcDbSymbolTableRecord
100
AcDbTextStyleTableRecord
  2
LiberationMono-BoldItalic
 70
0
 40
0.0
 41
1.0
 50
0.0
 71
0
 42
2.5
  3
LiberationMono-BoldItalic.ttf
  4

  0
STYLE
  5
59
330
5
100
AcDbSymbolTableRecord
100
AcDbTextStyleTableRecord
  2
LiberationMono-Italic
 70
0
 40
0.0
 41
1.0
 50
0.0
 71
0
 42
2.5
  3
LiberationMono-Italic.ttf
  4

  0
STYLE
  5
91
330
5
100
AcDbSymbolTableRecord
100
AcDbTextStyleTableRecord
  2
RNR_TITLE
 70
0
 40
0.0
 41
1.0
 50
0.0
 71
0
 42
2.5
  3
arial.ttf
  4

  0
STYLE
  5
92
330
5
100
AcDbSymbolTableRecord
100
AcDbTextStyleTableRecord
  2
RNR_HEADING
 70
0
 40
0.0
 41
1.0
 50
0.0
 71
0
 42
2.5
  3
arial.ttf
  4

  0
STYLE
  5
93
330
5
100
AcDbSymbolTableRecord
100
AcDbTextStyleTableRecord
  2
RNR_TEXT
 70
0
 40
0.0
 41
0.9
 50
0.0
 71
0
 42
2.5
  3
arial.ttf
  4

  0
STYLE
  5
94
330
5
100
AcDbSymbolTableRecord
100
AcDbTextStyleTableRecord
  2
RNR_NOTE
 70
0
 40
0.0
 41
1.0
 50
0.0
 71
0
 42
2.5
  3
arialn.ttf
  4

  0
STYLE
  5
95
330
5
100
AcDbSymbolTableRecord
100
AcDbTextStyleTableRecord
  2
RNR_ROMANS
 70
0
 40
0.0
 41
0.8
 50
0.0
 71
0
 42
2.5
  3
romans.shx
  4

  0
ENDTAB
  0
TABLE
  2
VIEW
  5
7
330
0
100
AcDbSymbolTable
 70
0
  0
ENDTAB
  0
TABLE
  2
UCS
  5
6
330
0
100
AcDbSymbolTable
 70
0
  0
ENDTAB
  0
TABLE
  2
APPID
  5
3
330
0
100
AcDbSymbolTable
 70
5
  0
APPID
  5
2A
330
3
100
AcDbSymbolTableRecord
100
AcDbRegAppTableRecord
  2
ACAD
 70
0
  0
APPID
  5
97
330
3
100
AcDbSymbolTableRecord
100
AcDbRegAppTableRecord
  2
AcAecLayerStandard
 70
0
  0
APPID
  5
9D
330
3
100
AcDbSymbolTableRecord
100
AcDbRegAppTableRecord
  2
AcCmTransparency
 70
0
  0
APPID
  5
212
330
3
100
AcDbSymbolTableRecord
100
AcDbRegAppTableRecord
  2
HATCHBACKGROUNDCOLOR
 70
0
  0
APPID
  5
213
330
3
100
AcDbSymbolTableRecord
100
AcDbRegAppTableRecord
  2
EZDXF
 70
0
  0
ENDTAB
  0
TABLE
  2
DIMSTYLE
  5
4
330
0
100
AcDbSymbolTable
 70
15
100
AcDbDimStyleTable
  0
DIMSTYLE
105
2B
330
4
100
AcDbSymbolTableRecord
100
AcDbDimStyleTableRecord
  2
Standard
 70
0
 40
1.0
 41
2.5
 42
0.625
 43
3.75
 44
1.25
 45
0.0
 46
0.0
 47
0.0
 48
0.0
 49
2.5
140
2.5
141
2.5
142
0.0
143
0.03937007874
144
1.0
145
0.0
146
1.0
147
0.625
148
0.0
 69
0
 70
0
 71
0
 72
0
 73
0
 74
0
 75
0
 76
0
 77
1
 78
8
 79
3
170
0
171
3
172
1
173
0
174
0
175
0
176
0
177
0
178
0
179
2
271
2
272
2
273
2
274
3
275
0
276
0
277
2
278
44
279
0
280
0
281
0
282
0
283
0
284
8
285
0
286
0
288
0
289
3
290
0
371
-2
372
-2
  0
DIMSTYLE
105
73
330
4
100
AcDbSymbolTableRecord
100
AcDbDimStyleTableRecord
  2
EZDXF
 70
0
 40
1.0
 41
0.175
 42
0.125
 43
3.75
 44
0.375
 45
0.0
 46
0.0
 47
0.0
 48
0.0
 49
2.5
140
0.25
141
2.5
142
0.0
143
0.03937007874
144
100.0
145
0.0
146
0.5
147
0.1
148
0.0
 69
0
 70
0
 71
0
 72
0
 73
0
 74
0
 75
0
 76
0
 77
1
 78
12
 79
3
170
0
171
3
172
1
173
0
174
0
175
0
176
0
177
0
178
0
179
2
271
2
272
2
273
2
274
3
275
0
276
0
277
2
278
46
279
2
280
0
281
0
282
0
283
0
284
8
285
0
286
0
288
1
289
3
290
0
340
4C
342
74
371
-2
372
-2
  0
DIMSTYLE
105
7C
330
4
100
AcDbSymbolTableRecord
100
AcDbDimStyleTableRecord
  2
EZ_M_100_H25_CM
 70
0
 40
1.0
 41
0.25
 42
0.125
 43
3.75
 44
0.375
 45
0.0
 46
0.0
 47
0.0
 48
0.0
 49
2.5
140
0.25
141
2.5
142
0.125
143
0.03937007874
144
100.0
145
0.0
146
0.5
147
0.1
148
0.0
 69
0
 70
0
 71
0
 72
0
 73
0
 74
0
 75
0
 76
0
 77
1
 78
12
 79
3
170
0
171
3
172
1
173
0
174
0
175
0
176
0
177
0
178
0
179
2
271
2
272
2
273
2
274
3
275
0
276
0
277
2
278
46
279
2
280
0
281
0
282
0
283
0
284
8
285
0
286
0
288
1
289
3
290
0
340
4C
371
-2
372
-2
  0
DIMSTYLE
105
7D
330
4
100
AcDbSymbolTableRecord
100
AcDbDimStyleTableRecord
  2
EZ_M_50_H25_CM
 70
0
 40
1.0
 41
0.125
 42
0.0625
 43
3.75
 44
0.1875
 45
0.0
 46
0.0
 47
0.0
 48
0.0
 49
2.5
140
0.125
141
2.5
142
0.0625
143
0.03937007874
144
100.0
145
0.0
146
0.5
147
0.05
148
0.0
 69
0
 70
0
 71
0
 72
0
 73
0
 74
0
 75
0
 76
0
 77
1
 78
12
 79
3
170
0
171
3
172
1
173
0
174
0
175
0
176
0
177
0
178
0
179
2
271
2
272
2
273
2
274
3
275
0
276
0
277
2
278
46
279
2
280
0
281
0
282
0
283
0
284
8
285
0
286
0
288
1
289
3
290
0
340
4C
371
-2
372
-2
  0
DIMSTYLE
105
7E
330
4
100
AcDbSymbolTableRecord
100
AcDbDimStyleTableRecord
  2
EZ_M_25_H25_CM
 70
0
 40
1.0
 41
0.0625
 42
0.03125
 43
3.75
 44
0.09375
 45
0.0
 46
0.0
 47
0.0
 48
0.0
 49
2.5
140
0.0625
141
2.5
142
0.03125
143
0.03937007874
144
100.0
145
0.0
146
0.5
147
0.025
148
0.0
 69
0
 70
0
 71
0
 72
0
 73
0
 74
0
 75
0
 76
0
 77
1
 78
12
 79
3
170
0
171
3
172
1
173
0
174
0
175
0
176
0
177
0
178
0
179
2
271
2
272
2
273
2
274
3
275
0
276
0
277
2
278
46
279
2
280
0
281
0
282
0
283
0
284
8
285
0
286
0
288
1
289
3
290
0
340
4C
371
-2
372
-2
  0
DIMSTYLE
105
7F
330
4
100
AcDbSymbolTableRecord
100
AcDbDimStyleTableRecord
  2
EZ_M_20_H25_CM
 70
0
 40
1.0
 41
0.05
 42
0.025
 43
3.75
 44
0.07500000000000001
 45
0.0
 46
0.0
 47
0.0
 48
0.0
 49
2.5
140
0.05
141
2.5
142
0.025
143
0.03937007874
144
100.0
145
0.0
146
0.5
147
0.020000000000000004
148
0.0
 69
0
 70
0
 71
0
 72
0
 73
0
 74
0
 75
0
 76
0
 77
1
 78
12
 79
3
170
0
171
3
172
1
173
0
174
0
175
0
176
0
177
0
178
0
179
2
271
2
272
2
273
2
274
3
275
0
276
0
277
2
278
46
279
2
280
0
281
0
282
0
283
0
284
8
285
0
286
0
288
1
289
3
290
0
340
4C
371
-2
372
-2
  0
DIMSTYLE
105
80
330
4
100
AcDbSymbolTableRecord
100
AcDbDimStyleTableRecord
  2
EZ_M_10_H25_CM
 70
0
 40
1.0
 41
0.025
 42
0.0125
 43
3.75
 44
0.037500000000000006
 45
0.0
 46
0.0
 47
0.0
 48
0.0
 49
2.5
140
0.025
141
2.5
142
0.0125
143
0.03937007874
144
100.0
145
0.0
146
0.5
147
0.010000000000000002
148
0.0
 69
0
 70
0
 71
0
 72
0
 73
0
 74
0
 75
0
 76
0
 77
1
 78
12
 79
3
170
0
171
3
172
1
173
0
174
0
175
0
176
0
177
0
178
0
179
2
271
2
272
2
273
2
274
3
275
0
276
0
277
2
278
46
279
2
280
0
281
0
282
0
283
0
284
8
285
0
286
0
288
1
289
3
290
0
340
4C
371
-2
372
-2
  0
DIMSTYLE
105
81
330
4
100
AcDbSymbolTableRecord
100
AcDbDimStyleTableRecord
  2
EZ_M_5_H25_CM
 70
0
 40
1.0
 41
0.0125
 42
0.00625
 43
3.75
 44
0.018750000000000003
 45
0.0
 46
0.0
 47
0.0
 48
0.0
 49
2.5
140
0.0125
141
2.5
142
0.00625
143
0.03937007874
144
100.0
145
0.0
146
0.5
147
0.005000000000000001
148
0.0
 69
0
 70
0
 71
0
 72
0
 73
0
 74
0
 75
0
 76
0
 77
1
 78
12
 79
3
170
0
171
3
172
1
173
0
174
0
175
0
176
0
177
0
178
0
179
2
271
2
272
2
273
2
274
3
275
0
276
0
277
2
278
46
279
2
280
0
281
0
282
0
283
0
284
8
285
0
286
0
288
1
289
3
290
0
340
4C
371
-2
372
-2
  0
DIMSTYLE
105
82
330
4
100
AcDbSymbolTableRecord
100
AcDbDimStyleTableRecord
  2
EZ_M_1_H25_CM
 70
0
 40
1.0
 41
0.0025
 42
0.00125
 43
3.75
 44
0.00375
 45
0.0
 46
0.0
 47
0.0
 48
0.0
 49
2.5
140
0.0025
141
2.5
142
0.00125
143
0.03937007874
144
100.0
145
0.0
146
0.5
147
0.001
148
0.0
 69
0
 70
0
 71
0
 72
0
 73
0
 74
0
 75
0
 76
0
 77
1
 78
12
 79
3
170
0
171
3
172
1
173
0
174
0
175
0
176
0
177
0
178
0
179
2
271
2
272
2
273
2
274
3
275
0
276
0
277
2
278
46
279
2
280
0
281
0
282
0
283
0
284
8
285
0
286
0
288
1
289
3
290
0
340
4C
371
-2
372
-2
  0
DIMSTYLE
105
83
330
4
100
AcDbSymbolTableRecord
100
AcDbDimStyleTableRecord
  2
EZ_RADIUS
 70
0
 40
1.0
 41
0.25
 42
0.125
 43
3.75
 44
0.375
 45
0.0
 46
0.0
 47
0.0
 48
0.0
 49
2.5
140
0.25
141
0.0
142
0.0
143
0.03937007874
144
100.0
145
0.0
146
0.5
147
0.1
148
0.0
 69
0
 70
0
 71
0
 72
0
 73
0
 74
0
 75
0
 76
0
 77
1
 78
12
 79
3
170
0
171
3
172
0
173
0
174
0
175
0
176
0
177
0
178
0
179
2
271
2
272
2
273
2
274
3
275
0
276
0
277
2
278
46
279
1
280
0
281
0
282
0
283
0
284
8
285
0
286
0
288
1
289
3
290
0
340
4C
342
84
371
-2
372
-2
  0
DIMSTYLE
105
88
330
4
100
AcDbSymbolTableRecord
100
AcDbDimStyleTableRecord
  2
EZ_RADIUS_INSIDE
 70
0
 40
1.0
 41
0.25
 42
0.125
 43
3.75
 44
0.375
 45
0.0
 46
0.0
 47
0.0
 48
0.0
 49
2.5
140
0.25
141
0.0
142
0.0
143
0.03937007874
144
100.0
145
0.0
146
0.5
147
0.1
148
0.0
 69
0
 70
0
 71
0
 72
0
 73
0
 74
0
 75
0
 76
0
 77
0
 78
12
 79
3
170
0
171
3
172
0
173
0
174
1
175
0
176
0
177
0
178
0
179
2
271
2
272
2
273
2
274
3
275
0
276
0
277
2
278
46
279
0
280
0
281
0
282
0
283
0
284
8
285
0
286
0
288
1
289
0
290
0
340
4C
342
84
371
-2
372
-2
  0
DIMSTYLE
105
89
330
4
100
AcDbSymbolTableRecord
100
AcDbDimStyleTableRecord
  2
EZ_CURVED
 70
0
 40
1.0
 41
0.25
 42
0.125
 43
3.75
 44
0.375
 45
0.0
 46
0.0
 47
0.0
 48
0.0
 49
2.5
140
0.25
141
2.5
142
0.0
143
0.03937007874
144
100.0
145
0.0
146
0.5
147
0.1
148
0.0
 69
0
 70
0
 71
0
 72
0
 73
0
 74
0
 75
0
 76
0
 77
1
 78
12
 79
2
 90
2
170
0
171
3
172
1
173
0
174
0
175
0
176
0
177
0
178
0
179
2
271
2
272
2
273
2
274
3
275
0
276
0
277
2
278
46
279
2
280
0
281
0
282
0
283
0
284
8
285
0
286
0
288
1
289
3
290
0
340
4C
371
-2
372
-2
  0
DIMSTYLE
105
EF
330
4
100
AcDbSymbolTableRecord
100
AcDbDimStyleTableRecord
  2
RNR_ARCH
 70
0
 40
100.0
 41
1.5
 42
1.5
 43
3.75
 44
1.25
 45
0.0
 46
0.0
 47
0.0
 48
0.0
 49
2.5
140
2.5
141
2.5
142
1.5
143
0.03937007874
144
1.0
145
0.0
146
1.0
147
0.8
148
0.0
 69
0
 70
0
 71
0
 72
0
 73
0
 74
0
 75
0
 76
0
 77
1
 78
8
 79
3
170
0
171
3
172
1
173
0
174
0
175
0
176
0
177
0
178
0
179
2
271
0
272
2
273
2
274
3
275
0
276
0
277
2
278
44
279
0
280
0
281
0
282
0
283
0
284
8
285
0
286
0
288
0
289
3
290
0
340
93
371
-2
372
-2
  0
DIMSTYLE
105
F0
330
4
100
AcDbSymbolTableRecord
100
AcDbDimStyleTableRecord
  2
RNR_STRUCT
 70
0
 40
100.0
 41
1.5
 42
1.5
 43
3.75
 44
1.25
 45
0.0
 46
0.0
 47
0.0
 48
0.0
 49
2.5
140
2.5
141
2.5
142
1.5
143
0.03937007874
144
1.0
145
0.0
146
1.0
147
0.8
148
0.0
 69
0
 70
0
 71
0
 72
0
 73
0
 74
0
 75
0
 76
0
 77
1
 78
8
 79
3
170
0
171
3
172
1
173
0
174
0
175
0
176
0
177
0
178
0
179
2
271
0
272
2
273
2
274
3
275
0
276
0
277
2
278
44
279
0
280
0
281
0
282
0
283
0
284
8
285
0
286
0
288
0
289
3
290
0
340
93
371
-2
372
-2
  0
DIMSTYLE
105
F1
330
4
100
AcDbSymbolTableRecord
100
AcDbDimStyleTableRecord
  2
RNR_CIVIL
 70
0
 40
100.0
 41
2.0
 42
1.5
 43
3.75
 44
1.25
 45
0.0
 46
0.0
 47
0.0
 48
0.0
 49
2.5
140
2.5
141
2.5
142
0.0
143
0.03937007874
144
1.0
145
0.0
146
1.0
147
0.8
148
0.0
 69
0
 70
0
 71
0
 72
0
 73
0
 74
0
 75
0
 76
0
 77
1
 78
8
 79
3
170
0
171
3
172
1
173
0
174
0
175
0
176
0
177
0
178
0
179
2
271
2
272
2
273
2
274
3
275
0
276
0
277
2
278
44
279
0
280
0
281
0
282
0
283
0
284
8
285
0
286
0
288
0
289
3
290
0
340
93
371
-2
372
-2
  0
ENDTAB
  0
TABLE
  2
BLOCK_RECORD
  5
9
330
0
100
AcDbSymbolTable
 70
14
  0
BLOCK_RECORD
  5
17
330
9
100
AcDbSymbolTableRecord
100
AcDbBlockTableRecord
  2
*Model_Space
340
1A
 70
0
280
1
281
0
  0
BLOCK_RECORD
  5
1B
330
9
100
AcDbSymbolTableRecord
100
AcDbBlockTableRecord
  2
*Paper_Space
340
1E
 70
0
280
1
281
0
  0
BLOCK_RECORD
  5
74
330
9
100
AcDbSymbolTableRecord
100
AcDbBlockTableRecord
  2
_ARCHTICK
340
0
 70
0
280
1
281
0
  0
BLOCK_RECORD
  5
78
330
9
100
AcDbSymbolTableRecord
100
AcDbBlockTableRecord
  2
_CLOSEDFILLED
340
0
 70
0
280
1
281
0
  0
BLOCK_RECORD
  5
84
330
9
100
AcDbSymbolTableRecord
100
AcDbBlockTableRecord
  2
_CLOSEDBLANK
340
0
 70
0
280
1
281
0
  0
BLOCK_RECORD
  5
141
330
9
100
AcDbSymbolTableRecord
100
AcDbBlockTableRecord
  2
*D1
340
0
 70
0
280
1
281
0
  0
BLOCK_RECORD
  5
146
330
9
100
AcDbSymbolTableRecord
100
AcDbBlockTableRecord
  2
_OBLIQUE
340
0
 70
0
280
1
281
0
  0
BLOCK_RECORD
  5
154
330
9
100
AcDbSymbolTableRecord
100
AcDbBlockTableRecord
  2
*D2
340
0
 70
0
280
1
281
0
  0
BLOCK_RECORD
  5
163
330
9
100
AcDbSymbolTableRecord
100
AcDbBlockTableRecord
  2
*D3
340
0
 70
0
280
1
281
0
  0
BLOCK_RECORD
  5
172
330
9
100
AcDbSymbolTableRecord
100
AcDbBlockTableRecord
  2
*D4
340
0
 70
0
280
1
281
0
  0
BLOCK_RECORD
  5
181
330
9
100
AcDbSymbolTableRecord
100
AcDbBlockTableRecord
  2
*D5
340
0
 70
0
280
1
281
0
  0
BLOCK_RECORD
  5
190
330
9
100
AcDbSymbolTableRecord
100
AcDbBlockTableRecord
  2
*D6
340
0
 70
0
280
1
281
0
  0
BLOCK_RECORD
  5
19F
330
9
100
AcDbSymbolTableRecord
100
AcDbBlockTableRecord
  2
*D7
340
0
 70
0
280
1
281
0
  0
BLOCK_RECORD
  5
1AE
330
9
100
AcDbSymbolTableRecord
100
AcDbBlockTableRecord
  2
*D8
340
0
 70
0
280
1
281
0
  0
ENDTAB
  0
ENDSEC
  0
SECTION
  2
BLOCKS
  0
BLOCK
  5
18
330
17
100
AcDbEntity
  8
0
100
AcDbBlockBegin
  2
*Model_Space
 70
0
 10
0.0
 20
0.0
 30
0.0
  3
*Model_Space
  1

  0
ENDBLK
  5
19
330
17
100
AcDbEntity
  8
0
100
AcDbBlockEnd
  0
BLOCK
  5
1C
330
1B
100
AcDbEntity
  8
0
100
AcDbBlockBegin
  2
*Paper_Space
 70
0
 10
0.0
 20
0.0
 30
0.0
  3
*Paper_Space
  1

  0
ENDBLK
  5
1D
330
1B
100
AcDbEntity
  8
0
100
AcDbBlockEnd
  0
BLOCK
  5
75
330
74
100
AcDbEntity
  8
0
100
AcDbBlockBegin
  2
_ARCHTICK
 70
0
 10
0.0
 20
0.0
 30
0.0
  3
_ARCHTICK
  1

  0
LWPOLYLINE
  5
77
330
74
100
AcDbEntity
  8
0
  6
BYBLOCK
 62
0
100
AcDbPolyline
 90
2
 70
0
 43
0.15
 10
-0.5
 20
-0.5
 10
0.5
 20
0.5
  0
ENDBLK
  5
76
330
74
100
AcDbEntity
  8
0
100
AcDbBlockEnd
  0
BLOCK
  5
79
330
78
100
AcDbEntity
  8
0
100
AcDbBlockBegin
  2
_CLOSEDFILLED
 70
0
 10
0.0
 20
0.0
 30
0.0
  3
_CLOSEDFILLED
  1

  0
SOLID
  5
7B
330
78
100
AcDbEntity
  8
0
  6
BYBLOCK
 62
0
100
AcDbTrace
 10
-1.0
 20
0.16439898372402537
 30
0.0
 11
0.0
 21
0.0
 31
0.0
 12
-1.0
 22
-0.16439898372402537
 32
0.0
 13
-1.0
 23
-0.16439898372402537
 33
0.0
  0
ENDBLK
  5
7A
330
78
100
AcDbEntity
  8
0
100
AcDbBlockEnd
  0
BLOCK
  5
85
330
84
100
AcDbEntity
  8
0
100
AcDbBlockBegin
  2
_CLOSEDBLANK
 70
0
 10
0.0
 20
0.0
 30
0.0
  3
_CLOSEDBLANK
  1

  0
LWPOLYLINE
  5
87
330
84
100
AcDbEntity
  8
0
  6
BYBLOCK
 62
0
100
AcDbPolyline
 90
3
 70
1
 10
-1.0
 20
0.16439898372402537
 10
0.0
 20
0.0
 10
-1.0
 20
-0.16439898372402537
  0
ENDBLK
  5
86
330
84
100
AcDbEntity
  8
0
100
AcDbBlockEnd
  0
BLOCK
  5
142
330
141
100
AcDbEntity
  8
0
100
AcDbBlockBegin
  2
*D1
 70
1
 10
0.0
 20
0.0
 30
0.0
  3
*D1
  1

  0
LINE
  5
144
330
141
100
AcDbEntity
  8
0
100
AcDbLine
 10
9.184850993605149e-15
 20
13150.0
 30
0.0
 11
7.654042494670958e-15
 21
13125.0
 31
0.0
  0
LINE
  5
145
330
141
100
AcDbEntity
  8
0
100
AcDbLine
 10
4500.0
 20
13150.0
 30
0.0
 11
4500.0
 21
13125.0
 31
0.0
  0
INSERT
  5
14A
330
141
100
AcDbEntity
  8
ANNO-DIMS
100
AcDbBlockReference
  2
_OBLIQUE
 10
0.0
 20
13000.0
 30
0.0
 41
300.0
 42
300.0
  0
INSERT
  5
14C
330
141
100
AcDbEntity
  8
ANNO-DIMS
100
AcDbBlockReference
  2
_OBLIQUE
 10
4500.0
 20
13000.0
 30
0.0
 41
300.0
 42
300.0
  0
LINE
  5
14E
330
141
100
AcDbEntity
  8
0
100
AcDbLine
 10
0.0
 20
13000.0
 30
0.0
 11
4500.0
 21
13000.0
 31
0.0
  0
MTEXT
  5
14F
330
141
100
AcDbEntity
  8
ANNO-DIMS
100
AcDbMText
 10
2250.0
 20
13205.0
 30
0.0
 40
250.0
 71
5
  1
4500
  7
RNR_TEXT
  0
POINT
  5
150
330
141
100
AcDbEntity
  8
Defpoints
100
AcDbPoint
 10
0.0
 20
13000.0
 30
0.0
  0
POINT
  5
151
330
141
100
AcDbEntity
  8
Defpoints
100
AcDbPoint
 10
0.0
 20
13000.0
 30
0.0
  0
POINT
  5
152
330
141
100
AcDbEntity
  8
Defpoints
100
AcDbPoint
 10
4500.0
 20
13000.0
 30
0.0
  0
ENDBLK
  5
143
330
141
100
AcDbEntity
  8
0
100
AcDbBlockEnd
  0
BLOCK
  5
147
330
146
100
AcDbEntity
  8
0
100
AcDbBlockBegin
  2
_OBLIQUE
 70
0
 10
0.0
 20
0.0
 30
0.0
  3
_OBLIQUE
  1

  0
LINE
  5
149
330
146
100
AcDbEntity
  8
0
  6
BYBLOCK
 62
0
100
AcDbLine
 10
-0.5
 20
-0.5
 30
0.0
 11
0.5
 21
0.5
 31
0.0
  0
ENDBLK
  5
148
330
146
100
AcDbEntity
  8
0
100
AcDbBlockEnd
  0
BLOCK
  5
155
330
154
100
AcDbEntity
  8
0
100
AcDbBlockBegin
  2
*D2
 70
1
 10
0.0
 20
0.0
 30
0.0
  3
*D2
  1

  0
LINE
  5
157
330
154
100
AcDbEntity
  8
0
100
AcDbLine
 10
4500.0
 20
13150.0
 30
0.0
 11
4500.0
 21
13125.0
 31
0.0
  0
LINE
  5
158
330
154
100
AcDbEntity
  8
0
100
AcDbLine
 10
8500.0
 20
13150.0
 30
0.0
 11
8500.0
 21
13125.0
 31
0.0
  0
INSERT
  5
159
330
154
100
AcDbEntity
  8
ANNO-DIMS
100
AcDbBlockReference
  2
_OBLIQUE
 10
4500.0
 20
13000.0
 30
0.0
 41
300.0
 42
300.0
  0
INSERT
  5
15B
330
154
100
AcDbEntity
  8
ANNO-DIMS
100
AcDbBlockReference
  2
_OBLIQUE
 10
8500.0
 20
13000.0
 30
0.0
 41
300.0
 42
300.0
  0
LINE
  5
15D
330
154
100
AcDbEntity
  8
0
100
AcDbLine
 10
4500.0
 20
13000.0
 30
0.0
 11
8500.0
 21
13000.0
 31
0.0
  0
MTEXT
  5
15E
330
154
100
AcDbEntity
  8
ANNO-DIMS
100
AcDbMText
 10
6500.0
 20
13205.0
 30
0.0
 40
250.0
 71
5
  1
4000
  7
RNR_TEXT
  0
POINT
  5
15F
330
154
100
AcDbEntity
  8
Defpoints
100
AcDbPoint
 10
4500.0
 20
13000.0
 30
0.0
  0
POINT
  5
160
330
154
100
AcDbEntity
  8
Defpoints
100
AcDbPoint
 10
4500.0
 20
13000.0
 30
0.0
  0
POINT
  5
161
330
154
100
AcDbEntity
  8
Defpoints
100
AcDbPoint
 10
8500.0
 20
13000.0
 30
0.0
  0
ENDBLK
  5
156
330
154
100
AcDbEntity
  8
0
100
AcDbBlockEnd
  0
BLOCK
  5
164
330
163
100
AcDbEntity
  8
0
100
AcDbBlockBegin
  2
*D3
 70
1
 10
0.0
 20
0.0
 30
0.0
  3
*D3
  1

  0
LINE
  5
166
330
163
100
AcDbEntity
  8
0
100
AcDbLine
 10
8500.0
 20
13150.0
 30
0.0
 11
8500.0
 21
13125.0
 31
0.0
  0
LINE
  5
167
330
163
100
AcDbEntity
  8
0
100
AcDbLine
 10
13000.0
 20
13150.0
 30
0.0
 11
13000.0
 21
13125.0
 31
0.0
  0
INSERT
  5
168
330
163
100
AcDbEntity
  8
ANNO-DIMS
100
AcDbBlockReference
  2
_OBLIQUE
 10
8500.0
 20
13000.0
 30
0.0
 41
300.0
 42
300.0
  0
INSERT
  5
16A
330
163
100
AcDbEntity
  8
ANNO-DIMS
100
AcDbBlockReference
  2
_OBLIQUE
 10
13000.0
 20
13000.0
 30
0.0
 41
300.0
 42
300.0
  0
LINE
  5
16C
330
163
100
AcDbEntity
  8
0
100
AcDbLine
 10
8500.0
 20
13000.0
 30
0.0
 11
13000.0
 21
13000.0
 31
0.0
  0
MTEXT
  5
16D
330
163
100
AcDbEntity
  8
ANNO-DIMS
100
AcDbMText
 10
10750.0
 20
13205.0
 30
0.0
 40
250.0
 71
5
  1
4500
  7
RNR_TEXT
  0
POINT
  5
16E
330
163
100
AcDbEntity
  8
Defpoints
100
AcDbPoint
 10
8500.0
 20
13000.0
 30
0.0
  0
POINT
  5
16F
330
163
100
AcDbEntity
  8
Defpoints
100
AcDbPoint
 10
8500.0
 20
13000.0
 30
0.0
  0
POINT
  5
170
330
163
100
AcDbEntity
  8
Defpoints
100
AcDbPoint
 10
13000.0
 20
13000.0
 30
0.0
  0
ENDBLK
  5
165
330
163
100
AcDbEntity
  8
0
100
AcDbBlockEnd
  0
BLOCK
  5
173
330
172
100
AcDbEntity
  8
0
100
AcDbBlockBegin
  2
*D4
 70
1
 10
0.0
 20
0.0
 30
0.0
  3
*D4
  1

  0
LINE
  5
175
330
172
100
AcDbEntity
  8
0
100
AcDbLine
 10
0.0
 20
13150.0
 30
0.0
 11
0.0
 21
13825.0
 31
0.0
  0
LINE
  5
176
330
172
100
AcDbEntity
  8
0
100
AcDbLine
 10
13000.0
 20
13150.0
 30
0.0
 11
13000.0
 21
13825.0
 31
0.0
  0
INSERT
  5
177
330
172
100
AcDbEntity
  8
ANNO-DIMS
100
AcDbBlockReference
  2
_OBLIQUE
 10
0.0
 20
13700.0
 30
0.0
 41
300.0
 42
300.0
  0
INSERT
  5
179
330
172
100
AcDbEntity
  8
ANNO-DIMS
100
AcDbBlockReference
  2
_OBLIQUE
 10
13000.0
 20
13700.0
 30
0.0
 41
300.0
 42
300.0
  0
LINE
  5
17B
330
172
100
AcDbEntity
  8
0
100
AcDbLine
 10
0.0
 20
13700.0
 30
0.0
 11
13000.0
 21
13700.0
 31
0.0
  0
MTEXT
  5
17C
330
172
100
AcDbEntity
  8
ANNO-DIMS
100
AcDbMText
 10
6500.0
 20
13905.0
 30
0.0
 40
250.0
 71
5
  1
13000
  7
RNR_TEXT
  0
POINT
  5
17D
330
172
100
AcDbEntity
  8
Defpoints
100
AcDbPoint
 10
0.0
 20
13700.0
 30
0.0
  0
POINT
  5
17E
330
172
100
AcDbEntity
  8
Defpoints
100
AcDbPoint
 10
0.0
 20
13000.0
 30
0.0
  0
POINT
  5
17F
330
172
100
AcDbEntity
  8
Defpoints
100
AcDbPoint
 10
13000.0
 20
13000.0
 30
0.0
  0
ENDBLK
  5
174
330
172
100
AcDbEntity
  8
0
100
AcDbBlockEnd
  0
BLOCK
  5
182
330
181
100
AcDbEntity
  8
0
100
AcDbBlockBegin
  2
*D5
 70
1
 10
0.0
 20
0.0
 30
0.0
  3
*D5
  1

  0
LINE
  5
184
330
181
100
AcDbEntity
  8
0
100
AcDbLine
 10
-1650.0
 20
1.8369701987210297e-14
 30
0.0
 11
-1625.0
 21
1.5308084989341916e-14
 31
0.0
  0
LINE
  5
185
330
181
100
AcDbEntity
  8
0
100
AcDbLine
 10
-1650.0
 20
4200.0
 30
0.0
 11
-1625.0
 21
4200.0
 31
0.0
  0
INSERT
  5
186
330
181
100
AcDbEntity
  8
ANNO-DIMS
100
AcDbBlockReference
  2
_OBLIQUE
 10
-1500.0
 20
0.0
 30
0.0
 41
300.0
 42
300.0
 50
90.0
  0
INSERT
  5
188
330
181
100
AcDbEntity
  8
ANNO-DIMS
100
AcDbBlockReference
  2
_OBLIQUE
 10
-1500.0
 20
4200.0
 30
0.0
 41
300.0
 42
300.0
 50
90.0
  0
LINE
  5
18A
330
181
100
AcDbEntity
  8
0
100
AcDbLine
 10
-1500.0
 20
0.0
 30
0.0
 11
-1500.0
 21
4200.0
 31
0.0
  0
MTEXT
  5
18B
330
181
100
AcDbEntity
  8
ANNO-DIMS
100
AcDbMText
 10
-1705.0
 20
2100.0
 30
0.0
 40
250.0
 71
5
  1
4200
  7
RNR_TEXT
 50
90.0
  0
POINT
  5
18C
330
181
100
AcDbEntity
  8
Defpoints
100
AcDbPoint
 10
-1500.0
 20
0.0
 30
0.0
  0
POINT
  5
18D
330
181
100
AcDbEntity
  8
Defpoints
100
AcDbPoint
 10
-1500.0
 20
0.0
 30
0.0
  0
POINT
  5
18E
330
181
100
AcDbEntity
  8
Defpoints
100
AcDbPoint
 10
-1500.0
 20
4200.0
 30
0.0
  0
ENDBLK
  5
183
330
181
100
AcDbEntity
  8
0
100
AcDbBlockEnd
  0
BLOCK
  5
191
330
190
100
AcDbEntity
  8
0
100
AcDbBlockBegin
  2
*D6
 70
1
 10
0.0
 20
0.0
 30
0.0
  3
*D6
  1

  0
LINE
  5
193
330
190
100
AcDbEntity
  8
0
100
AcDbLine
 10
-1650.0
 20
4200.0
 30
0.0
 11
-1625.0
 21
4200.0
 31
0.0
  0
LINE
  5
194
330
190
100
AcDbEntity
  8
0
100
AcDbLine
 10
-1650.0
 20
7700.0
 30
0.0
 11
-1625.0
 21
7700.0
 31
0.0
  0
INSERT
  5
195
330
190
100
AcDbEntity
  8
ANNO-DIMS
100
AcDbBlockReference
  2
_OBLIQUE
 10
-1500.0
 20
4200.0
 30
0.0
 41
300.0
 42
300.0
 50
90.0
  0
INSERT
  5
197
330
190
100
AcDbEntity
  8
ANNO-DIMS
100
AcDbBlockReference
  2
_OBLIQUE
 10
-1500.0
 20
7700.0
 30
0.0
 41
300.0
 42
300.0
 50
90.0
  0
LINE
  5
199
330
190
100
AcDbEntity
  8
0
100
AcDbLine
 10
-1500.0
 20
4200.0
 30
0.0
 11
-1500.0
 21
7700.0
 31
0.0
  0
MTEXT
  5
19A
330
190
100
AcDbEntity
  8
ANNO-DIMS
100
AcDbMText
 10
-1705.0
 20
5950.0
 30
0.0
 40
250.0
 71
5
  1
3500
  7
RNR_TEXT
 50
90.0
  0
POINT
  5
19B
330
190
100
AcDbEntity
  8
Defpoints
100
AcDbPoint
 10
-1500.0
 20
4200.0
 30
0.0
  0
POINT
  5
19C
330
190
100
AcDbEntity
  8
Defpoints
100
AcDbPoint
 10
-1500.0
 20
4200.0
 30
0.0
  0
POINT
  5
19D
330
190
100
AcDbEntity
  8
Defpoints
100
AcDbPoint
 10
-1500.0
 20
7700.0
 30
0.0
  0
ENDBLK
  5
192
330
190
100
AcDbEntity
  8
0
100
AcDbBlockEnd
  0
BLOCK
  5
1A0
330
19F
100
AcDbEntity
  8
0
100
AcDbBlockBegin
  2
*D7
 70
1
 10
0.0
 20
0.0
 30
0.0
  3
*D7
  1

  0
LINE
  5
1A2
330
19F
100
AcDbEntity
  8
0
100
AcDbLine
 10
-1650.0
 20
7700.0
 30
0.0
 11
-1625.0
 21
7700.0
 31
0.0
  0
LINE
  5
1A3
330
19F
100
AcDbEntity
  8
0
100
AcDbLine
 10
-1650.0
 20
11500.0
 30
0.0
 11
-1625.0
 21
11500.0
 31
0.0
  0
INSERT
  5
1A4
330
19F
100
AcDbEntity
  8
ANNO-DIMS
100
AcDbBlockReference
  2
_OBLIQUE
 10
-1500.0
 20
7700.0
 30
0.0
 41
300.0
 42
300.0
 50
90.0
  0
INSERT
  5
1A6
330
19F
100
AcDbEntity
  8
ANNO-DIMS
100
AcDbBlockReference
  2
_OBLIQUE
 10
-1500.0
 20
11500.0
 30
0.0
 41
300.0
 42
300.0
 50
90.0
  0
LINE
  5
1A8
330
19F
100
AcDbEntity
  8
0
100
AcDbLine
 10
-1500.0
 20
7700.0
 30
0.0
 11
-1500.0
 21
11500.0
 31
0.0
  0
MTEXT
  5
1A9
330
19F
100
AcDbEntity
  8
ANNO-DIMS
100
AcDbMText
 10
-1705.0
 20
9600.0
 30
0.0
 40
250.0
 71
5
  1
3800
  7
RNR_TEXT
 50
90.0
  0
POINT
  5
1AA
330
19F
100
AcDbEntity
  8
Defpoints
100
AcDbPoint
 10
-1500.0
 20
7700.0
 30
0.0
  0
POINT
  5
1AB
330
19F
100
AcDbEntity
  8
Defpoints
100
AcDbPoint
 10
-1500.0
 20
7700.0
 30
0.0
  0
POINT
  5
1AC
330
19F
100
AcDbEntity
  8
Defpoints
100
AcDbPoint
 10
-1500.0
 20
11500.0
 30
0.0
  0
ENDBLK
  5
1A1
330
19F
100
AcDbEntity
  8
0
100
AcDbBlockEnd
  0
BLOCK
  5
1AF
330
1AE
100
AcDbEntity
  8
0
100
AcDbBlockBegin
  2
*D8
 70
1
 10
0.0
 20
0.0
 30
0.0
  3
*D8
  1

  0
LINE
  5
1B1
330
1AE
100
AcDbEntity
  8
0
100
AcDbLine
 10
-1650.0
 20
0.0
 30
0.0
 11
-2325.0
 21
0.0
 31
0.0
  0
LINE
  5
1B2
330
1AE
100
AcDbEntity
  8
0
100
AcDbLine
 10
-1650.0
 20
11500.0
 30
0.0
 11
-2325.0
 21
11500.0
 31
0.0
  0
INSERT
  5
1B3
330
1AE
100
AcDbEntity
  8
ANNO-DIMS
100
AcDbBlockReference
  2
_OBLIQUE
 10
-2200.0
 20
0.0
 30
0.0
 41
300.0
 42
300.0
 50
90.0
  0
INSERT
  5
1B5
330
1AE
100
AcDbEntity
  8
ANNO-DIMS
100
AcDbBlockReference
  2
_OBLIQUE
 10
-2200.0
 20
11500.0
 30
0.0
 41
300.0
 42
300.0
 50
90.0
  0
LINE
  5
1B7
330
1AE
100
AcDbEntity
  8
0
100
AcDbLine
 10
-2200.0
 20
0.0
 30
0.0
 11
-2200.0
 21
11500.0
 31
0.0
  0
MTEXT
  5
1B8
330
1AE
100
AcDbEntity
  8
ANNO-DIMS
100
AcDbMText
 10
-2405.0
 20
5750.0
 30
0.0
 40
250.0
 71
5
  1
11500
  7
RNR_TEXT
 50
90.0
  0
POINT
  5
1B9
330
1AE
100
AcDbEntity
  8
Defpoints
100
AcDbPoint
 10
-2200.0
 20
0.0
 30
0.0
  0
POINT
  5
1BA
330
1AE
100
AcDbEntity
  8
Defpoints
100
AcDbPoint
 10
-1500.0
 20
0.0
 30
0.0
  0
POINT
  5
1BB
330
1AE
100
AcDbEntity
  8
Defpoints
100
AcDbPoint
 10
-1500.0
 20
11500.0
 30
0.0
  0
ENDBLK
  5
1B0
330
1AE
100
AcDbEntity
  8
0
100
AcDbBlockEnd
  0
ENDSEC
  0
SECTION
  2
ENTITIES
  0
LWPOLYLINE
  5
F2
330
17
100
AcDbEntity
  8
ANNO-TITLE
100
AcDbPolyline
 90
4
 70
1
 10
-10000.0
 20
-10000.0
 10
32000.0
 20
-10000.0
 10
32000.0
 20
19700.0
 10
-10000.0
 20
19700.0
  0
LWPOLYLINE
  5
F3
330
17
100
AcDbEntity
  8
ANNO-TITLE
370
70
100
AcDbPolyline
 90
4
 70
1
 10
-8000.0
 20
-9000.0
 10
31000.0
 20
-9000.0
 10
31000.0
 20
18700.0
 10
-8000.0
 20
18700.0
  0
LWPOLYLINE
  5
F4
330
17
100
AcDbEntity
  8
ANNO-TITLE
370
50
100
AcDbPolyline
 90
4
 70
1
 10
13000.0
 20
-9000.0
 10
31000.0
 20
-9000.0
 10
31000.0
 20
-2000.0
 10
13000.0
 20
-2000.0
  0
LINE
  5
F5
330
17
100
AcDbEntity
  8
ANNO-TITLE
100
AcDbLine
 10
13000.0
 20
-3000.0
 30
0.0
 11
31000.0
 21
-3000.0
 31
0.0
  0
TEXT
  5
F6
330
17
100
AcDbEntity
  8
ANNO-TITLE
100
AcDbText
 10
13200.0
 20
-2250.0
 30
0.0
 40
180.0
  1
PROJECT
  7
RNR_TEXT
 11
13200.0
 21
-2250.0
 31
0.0
100
AcDbText
  0
TEXT
  5
F7
330
17
100
AcDbEntity
  8
ANNO-TITLE
100
AcDbText
 10
16200.0
 20
-2850.0
 30
0.0
 40
300.0
  1
RooMNRooF SAMPLE RESIDENCE, DHAKA
  7
RNR_TEXT
 11
16200.0
 21
-2850.0
 31
0.0
100
AcDbText
  0
LINE
  5
F8
330
17
100
AcDbEntity
  8
ANNO-TITLE
100
AcDbLine
 10
13000.0
 20
-4000.0
 30
0.0
 11
31000.0
 21
-4000.0
 31
0.0
  0
TEXT
  5
F9
330
17
100
AcDbEntity
  8
ANNO-TITLE
100
AcDbText
 10
13200.0
 20
-3250.0
 30
0.0
 40
180.0
  1
CLIENT
  7
RNR_TEXT
 11
13200.0
 21
-3250.0
 31
0.0
100
AcDbText
  0
TEXT
  5
FA
330
17
100
AcDbEntity
  8
ANNO-TITLE
100
AcDbText
 10
16200.0
 20
-3850.0
 30
0.0
 40
300.0
  1
SAMPLE CLIENT
  7
RNR_TEXT
 11
16200.0
 21
-3850.0
 31
0.0
100
AcDbText
  0
LINE
  5
FB
330
17
100
AcDbEntity
  8
ANNO-TITLE
100
AcDbLine
 10
13000.0
 20
-5000.0
 30
0.0
 11
31000.0
 21
-5000.0
 31
0.0
  0
TEXT
  5
FC
330
17
100
AcDbEntity
  8
ANNO-TITLE
100
AcDbText
 10
13200.0
 20
-4250.0
 30
0.0
 40
180.0
  1
CONSULTANT
  7
RNR_TEXT
 11
13200.0
 21
-4250.0
 31
0.0
100
AcDbText
  0
TEXT
  5
FD
330
17
100
AcDbEntity
  8
ANNO-TITLE
100
AcDbText
 10
16200.0
 20
-4850.0
 30
0.0
 40
300.0
  1
RooMNRooF CAD PRO (SAMPLE)
  7
RNR_TEXT
 11
16200.0
 21
-4850.0
 31
0.0
100
AcDbText
  0
LINE
  5
FE
330
17
100
AcDbEntity
  8
ANNO-TITLE
100
AcDbLine
 10
13000.0
 20
-6000.0
 30
0.0
 11
31000.0
 21
-6000.0
 31
0.0
  0
TEXT
  5
FF
330
17
100
AcDbEntity
  8
ANNO-TITLE
100
AcDbText
 10
13200.0
 20
-5250.0
 30
0.0
 40
180.0
  1
DRAWING TITLE
  7
RNR_TEXT
 11
13200.0
 21
-5250.0
 31
0.0
100
AcDbText
  0
TEXT
  5
100
330
17
100
AcDbEntity
  8
ANNO-TITLE
100
AcDbText
 10
16200.0
 20
-5850.0
 30
0.0
 40
300.0
  1
TYPICAL FLOOR SLAB LAYOUT
  7
RNR_TEXT
 11
16200.0
 21
-5850.0
 31
0.0
100
AcDbText
  0
LINE
  5
101
330
17
100
AcDbEntity
  8
ANNO-TITLE
100
AcDbLine
 10
19000.0
 20
-9000.0
 30
0.0
 11
19000.0
 21
-6000.0
 31
0.0
  0
LINE
  5
102
330
17
100
AcDbEntity
  8
ANNO-TITLE
100
AcDbLine
 10
25000.0
 20
-9000.0
 30
0.0
 11
25000.0
 21
-6000.0
 31
0.0
  0
LINE
  5
103
330
17
100
AcDbEntity
  8
ANNO-TITLE
100
AcDbLine
 10
13000.0
 20
-8000.0
 30
0.0
 11
31000.0
 21
-8000.0
 31
0.0
  0
LINE
  5
104
330
17
100
AcDbEntity
  8
ANNO-TITLE
100
AcDbLine
 10
13000.0
 20
-7000.0
 30
0.0
 11
31000.0
 21
-7000.0
 31
0.0
  0
TEXT
  5
105
330
17
100
AcDbEntity
  8
ANNO-TITLE
100
AcDbText
 10
13150.0
 20
-6230.0
 30
0.0
 40
180.0
  1
DWG NO
  7
RNR_TEXT
 11
13150.0
 21
-6230.0
 31
0.0
100
AcDbText
  0
TEXT
  5
106
330
17
100
AcDbEntity
  8
ANNO-TITLE
100
AcDbText
 10
13150.0
 20
-6880.0
 30
0.0
 40
250.0
  1
S-204
  7
RNR_TEXT
 11
13150.0
 21
-6880.0
 31
0.0
100
AcDbText
  0
TEXT
  5
107
330
17
100
AcDbEntity
  8
ANNO-TITLE
100
AcDbText
 10
19150.0
 20
-6230.0
 30
0.0
 40
180.0
  1
REV
  7
RNR_TEXT
 11
19150.0
 21
-6230.0
 31
0.0
100
AcDbText
  0
TEXT
  5
108
330
17
100
AcDbEntity
  8
ANNO-TITLE
100
AcDbText
 10
19150.0
 20
-6880.0
 30
0.0
 40
250.0
  1
P0
  7
RNR_TEXT
 11
19150.0
 21
-6880.0
 31
0.0
100
AcDbText
  0
TEXT
  5
109
330
17
100
AcDbEntity
  8
ANNO-TITLE
100
AcDbText
 10
25150.0
 20
-6230.0
 30
0.0
 40
180.0
  1
SHEET
  7
RNR_TEXT
 11
25150.0
 21
-6230.0
 31
0.0
100
AcDbText
  0
TEXT
  5
10A
330
17
100
AcDbEntity
  8
ANNO-TITLE
100
AcDbText
 10
25150.0
 20
-6880.0
 30
0.0
 40
250.0
  1
A3
  7
RNR_TEXT
 11
25150.0
 21
-6880.0
 31
0.0
100
AcDbText
  0
TEXT
  5
10B
330
17
100
AcDbEntity
  8
ANNO-TITLE
100
AcDbText
 10
13150.0
 20
-7230.0
 30
0.0
 40
180.0
  1
DATE
  7
RNR_TEXT
 11
13150.0
 21
-7230.0
 31
0.0
100
AcDbText
  0
TEXT
  5
10C
330
17
100
AcDbEntity
  8
ANNO-TITLE
100
AcDbText
 10
13150.0
 20
-7880.0
 30
0.0
 40
250.0
  1
SAMPLE
  7
RNR_TEXT
 11
13150.0
 21
-7880.0
 31
0.0
100
AcDbText
  0
TEXT
  5
10D
330
17
100
AcDbEntity
  8
ANNO-TITLE
100
AcDbText
 10
19150.0
 20
-7230.0
 30
0.0
 40
180.0
  1
SCALE
  7
RNR_TEXT
 11
19150.0
 21
-7230.0
 31
0.0
100
AcDbText
  0
TEXT
  5
10E
330
17
100
AcDbEntity
  8
ANNO-TITLE
100
AcDbText
 10
19150.0
 20
-7880.0
 30
0.0
 40
250.0
  1
1:100
  7
RNR_TEXT
 11
19150.0
 21
-7880.0
 31
0.0
100
AcDbText
  0
TEXT
  5
10F
330
17
100
AcDbEntity
  8
ANNO-TITLE
100
AcDbText
 10
25150.0
 20
-7230.0
 30
0.0
 40
180.0
  1
DRAWN
  7
RNR_TEXT
 11
25150.0
 21
-7230.0
 31
0.0
100
AcDbText
  0
TEXT
  5
110
330
17
100
AcDbEntity
  8
ANNO-TITLE
100
AcDbText
 10
25150.0
 20
-7880.0
 30
0.0
 40
250.0
  1
RNR
  7
RNR_TEXT
 11
25150.0
 21
-7880.0
 31
0.0
100
AcDbText
  0
TEXT
  5
111
330
17
100
AcDbEntity
  8
ANNO-TITLE
100
AcDbText
 10
13150.0
 20
-8230.0
 30
0.0
 40
180.0
  1
CHECKED
  7
RNR_TEXT
 11
13150.0
 21
-8230.0
 31
0.0
100
AcDbText
  0
TEXT
  5
112
330
17
100
AcDbEntity
  8
ANNO-TITLE
100
AcDbText
 10
13150.0
 20
-8880.0
 30
0.0
 40
250.0
  1
-
  7
RNR_TEXT
 11
13150.0
 21
-8880.0
 31
0.0
100
AcDbText
  0
TEXT
  5
113
330
17
100
AcDbEntity
  8
ANNO-TITLE
100
AcDbText
 10
19150.0
 20
-8230.0
 30
0.0
 40
180.0
  1
APPROVED
  7
RNR_TEXT
 11
19150.0
 21
-8230.0
 31
0.0
100
AcDbText
  0
TEXT
  5
114
330
17
100
AcDbEntity
  8
ANNO-TITLE
100
AcDbText
 10
19150.0
 20
-8880.0
 30
0.0
 40
250.0
  1
-
  7
RNR_TEXT
 11
19150.0
 21
-8880.0
 31
0.0
100
AcDbText
  0
TEXT
  5
115
330
17
100
AcDbEntity
  8
ANNO-TITLE
100
AcDbText
 10
25150.0
 20
-8230.0
 30
0.0
 40
180.0
  1
STATUS
  7
RNR_TEXT
 11
25150.0
 21
-8230.0
 31
0.0
100
AcDbText
  0
TEXT
  5
116
330
17
100
AcDbEntity
  8
ANNO-TITLE
100
AcDbText
 10
25150.0
 20
-8880.0
 30
0.0
 40
180.0
  1
SAMPLE - NOT FOR CONSTRUCTION
  7
RNR_TEXT
 11
25150.0
 21
-8880.0
 31
0.0
100
AcDbText
  0
TEXT
  5
117
330
17
100
AcDbEntity
  8
ANNO-TITLE
100
AcDbText
 10
13000.0
 20
-1700.0
 30
0.0
 40
180.0
  1
STRUCTURAL | CAD drafting sample. Engineering content subject to review by the responsible engineer.
  7
RNR_TEXT
 11
13000.0
 21
-1700.0
 31
0.0
100
AcDbText
  0
LINE
  5
118
330
17
100
AcDbEntity
  8
S-GRID
100
AcDbLine
 10
0.0
 20
-1500.0
 30
0.0
 11
0.0
 21
13000.0
 31
0.0
  0
CIRCLE
  5
119
330
17
100
AcDbEntity
  8
ANNO-GRID
100
AcDbCircle
 10
0.0
 20
13500.0
 30
0.0
 40
500.0
  0
TEXT
  5
11A
330
17
100
AcDbEntity
  8
ANNO-GRID
100
AcDbText
 10
0.0
 20
13500.0
 30
0.0
 40
400.0
  1
A
  7
RNR_TEXT
 72
1
 11
0.0
 21
13500.0
 31
0.0
100
AcDbText
 73
2
  0
CIRCLE
  5
11B
330
17
100
AcDbEntity
  8
ANNO-GRID
100
AcDbCircle
 10
0.0
 20
-2000.0
 30
0.0
 40
500.0
  0
TEXT
  5
11C
330
17
100
AcDbEntity
  8
ANNO-GRID
100
AcDbText
 10
0.0
 20
-2000.0
 30
0.0
 40
400.0
  1
A
  7
RNR_TEXT
 72
1
 11
0.0
 21
-2000.0
 31
0.0
100
AcDbText
 73
2
  0
LINE
  5
11D
330
17
100
AcDbEntity
  8
S-GRID
100
AcDbLine
 10
4500.0
 20
-1500.0
 30
0.0
 11
4500.0
 21
13000.0
 31
0.0
  0
CIRCLE
  5
11E
330
17
100
AcDbEntity
  8
ANNO-GRID
100
AcDbCircle
 10
4500.0
 20
13500.0
 30
0.0
 40
500.0
  0
TEXT
  5
11F
330
17
100
AcDbEntity
  8
ANNO-GRID
100
AcDbText
 10
4500.0
 20
13500.0
 30
0.0
 40
400.0
  1
B
  7
RNR_TEXT
 72
1
 11
4500.0
 21
13500.0
 31
0.0
100
AcDbText
 73
2
  0
CIRCLE
  5
120
330
17
100
AcDbEntity
  8
ANNO-GRID
100
AcDbCircle
 10
4500.0
 20
-2000.0
 30
0.0
 40
500.0
  0
TEXT
  5
121
330
17
100
AcDbEntity
  8
ANNO-GRID
100
AcDbText
 10
4500.0
 20
-2000.0
 30
0.0
 40
400.0
  1
B
  7
RNR_TEXT
 72
1
 11
4500.0
 21
-2000.0
 31
0.0
100
AcDbText
 73
2
  0
LINE
  5
122
330
17
100
AcDbEntity
  8
S-GRID
100
AcDbLine
 10
8500.0
 20
-1500.0
 30
0.0
 11
8500.0
 21
13000.0
 31
0.0
  0
CIRCLE
  5
123
330
17
100
AcDbEntity
  8
ANNO-GRID
100
AcDbCircle
 10
8500.0
 20
13500.0
 30
0.0
 40
500.0
  0
TEXT
  5
124
330
17
100
AcDbEntity
  8
ANNO-GRID
100
AcDbText
 10
8500.0
 20
13500.0
 30
0.0
 40
400.0
  1
C
  7
RNR_TEXT
 72
1
 11
8500.0
 21
13500.0
 31
0.0
100
AcDbText
 73
2
  0
CIRCLE
  5
125
330
17
100
AcDbEntity
  8
ANNO-GRID
100
AcDbCircle
 10
8500.0
 20
-2000.0
 30
0.0
 40
500.0
  0
TEXT
  5
126
330
17
100
AcDbEntity
  8
ANNO-GRID
100
AcDbText
 10
8500.0
 20
-2000.0
 30
0.0
 40
400.0
  1
C
  7
RNR_TEXT
 72
1
 11
8500.0
 21
-2000.0
 31
0.0
100
AcDbText
 73
2
  0
LINE
  5
127
330
17
100
AcDbEntity
  8
S-GRID
100
AcDbLine
 10
13000.0
 20
-1500.0
 30
0.0
 11
13000.0
 21
13000.0
 31
0.0
  0
CIRCLE
  5
128
330
17
100
AcDbEntity
  8
ANNO-GRID
100
AcDbCircle
 10
13000.0
 20
13500.0
 30
0.0
 40
500.0
  0
TEXT
  5
129
330
17
100
AcDbEntity
  8
ANNO-GRID
100
AcDbText
 10
13000.0
 20
13500.0
 30
0.0
 40
400.0
  1
D
  7
RNR_TEXT
 72
1
 11
13000.0
 21
13500.0
 31
0.0
100
AcDbText
 73
2
  0
CIRCLE
  5
12A
330
17
100
AcDbEntity
  8
ANNO-GRID
100
AcDbCircle
 10
13000.0
 20
-2000.0
 30
0.0
 40
500.0
  0
TEXT
  5
12B
330
17
100
AcDbEntity
  8
ANNO-GRID
100
AcDbText
 10
13000.0
 20
-2000.0
 30
0.0
 40
400.0
  1
D
  7
RNR_TEXT
 72
1
 11
13000.0
 21
-2000.0
 31
0.0
100
AcDbText
 73
2
  0
LINE
  5
12C
330
17
100
AcDbEntity
  8
S-GRID
100
AcDbLine
 10
-1500.0
 20
0.0
 30
0.0
 11
14500.0
 21
0.0
 31
0.0
  0
CIRCLE
  5
12D
330
17
100
AcDbEntity
  8
ANNO-GRID
100
AcDbCircle
 10
-2000.0
 20
0.0
 30
0.0
 40
500.0
  0
TEXT
  5
12E
330
17
100
AcDbEntity
  8
ANNO-GRID
100
AcDbText
 10
-2000.0
 20
0.0
 30
0.0
 40
400.0
  1
1
  7
RNR_TEXT
 72
1
 11
-2000.0
 21
0.0
 31
0.0
100
AcDbText
 73
2
  0
CIRCLE
  5
12F
330
17
100
AcDbEntity
  8
ANNO-GRID
100
AcDbCircle
 10
15000.0
 20
0.0
 30
0.0
 40
500.0
  0
TEXT
  5
130
330
17
100
AcDbEntity
  8
ANNO-GRID
100
AcDbText
 10
15000.0
 20
0.0
 30
0.0
 40
400.0
  1
1
  7
RNR_TEXT
 72
1
 11
15000.0
 21
0.0
 31
0.0
100
AcDbText
 73
2
  0
LINE
  5
131
330
17
100
AcDbEntity
  8
S-GRID
100
AcDbLine
 10
-1500.0
 20
4200.0
 30
0.0
 11
14500.0
 21
4200.0
 31
0.0
  0
CIRCLE
  5
132
330
17
100
AcDbEntity
  8
ANNO-GRID
100
AcDbCircle
 10
-2000.0
 20
4200.0
 30
0.0
 40
500.0
  0
TEXT
  5
133
330
17
100
AcDbEntity
  8
ANNO-GRID
100
AcDbText
 10
-2000.0
 20
4200.0
 30
0.0
 40
400.0
  1
2
  7
RNR_TEXT
 72
1
 11
-2000.0
 21
4200.0
 31
0.0
100
AcDbText
 73
2
  0
CIRCLE
  5
134
330
17
100
AcDbEntity
  8
ANNO-GRID
100
AcDbCircle
 10
15000.0
 20
4200.0
 30
0.0
 40
500.0
  0
TEXT
  5
135
330
17
100
AcDbEntity
  8
ANNO-GRID
100
AcDbText
 10
15000.0
 20
4200.0
 30
0.0
 40
400.0
  1
2
  7
RNR_TEXT
 72
1
 11
15000.0
 21
4200.0
 31
0.0
100
AcDbText
 73
2
  0
LINE
  5
136
330
17
100
AcDbEntity
  8
S-GRID
100
AcDbLine
 10
-1500.0
 20
7700.0
 30
0.0
 11
14500.0
 21
7700.0
 31
0.0
  0
CIRCLE
  5
137
330
17
100
AcDbEntity
  8
ANNO-GRID
100
AcDbCircle
 10
-2000.0
 20
7700.0
 30
0.0
 40
500.0
  0
TEXT
  5
138
330
17
100
AcDbEntity
  8
ANNO-GRID
100
AcDbText
 10
-2000.0
 20
7700.0
 30
0.0
 40
400.0
  1
3
  7
RNR_TEXT
 72
1
 11
-2000.0
 21
7700.0
 31
0.0
100
AcDbText
 73
2
  0
CIRCLE
  5
139
330
17
100
AcDbEntity
  8
ANNO-GRID
100
AcDbCircle
 10
15000.0
 20
7700.0
 30
0.0
 40
500.0
  0
TEXT
  5
13A
330
17
100
AcDbEntity
  8
ANNO-GRID
100
AcDbText
 10
15000.0
 20
7700.0
 30
0.0
 40
400.0
  1
3
  7
RNR_TEXT
 72
1
 11
15000.0
 21
7700.0
 31
0.0
100
AcDbText
 73
2
  0
LINE
  5
13B
330
17
100
AcDbEntity
  8
S-GRID
100
AcDbLine
 10
-1500.0
 20
11500.0
 30
0.0
 11
14500.0
 21
11500.0
 31
0.0
  0
CIRCLE
  5
13C
330
17
100
AcDbEntity
  8
ANNO-GRID
100
AcDbCircle
 10
-2000.0
 20
11500.0
 30
0.0
 40
500.0
  0
TEXT
  5
13D
330
17
100
AcDbEntity
  8
ANNO-GRID
100
AcDbText
 10
-2000.0
 20
11500.0
 30
0.0
 40
400.0
  1
4
  7
RNR_TEXT
 72
1
 11
-2000.0
 21
11500.0
 31
0.0
100
AcDbText
 73
2
  0
CIRCLE
  5
13E
330
17
100
AcDbEntity
  8
ANNO-GRID
100
AcDbCircle
 10
15000.0
 20
11500.0
 30
0.0
 40
500.0
  0
TEXT
  5
13F
330
17
100
AcDbEntity
  8
ANNO-GRID
100
AcDbText
 10
15000.0
 20
11500.0
 30
0.0
 40
400.0
  1
4
  7
RNR_TEXT
 72
1
 11
15000.0
 21
11500.0
 31
0.0
100
AcDbText
 73
2
  0
DIMENSION
  5
140
330
17
100
AcDbEntity
  8
ANNO-DIMS
100
AcDbDimension
280
0
  2
*D1
  3
RNR_STRUCT
 10
0.0
 20
13000.0
 30
0.0
 11
2250.0
 21
13205.0
 31
0.0
 70
32
 71
5
  1
<>
100
AcDbAlignedDimension
 13
0.0
 23
13000.0
 33
0.0
 14
4500.0
 24
13000.0
 34
0.0
 50
0.0
100
AcDbRotatedDimension
1001
ACAD
1000
DSTYLE
1002
{
1070
40
1040
100.0
1002
}
  0
DIMENSION
  5
153
330
17
100
AcDbEntity
  8
ANNO-DIMS
100
AcDbDimension
280
0
  2
*D2
  3
RNR_STRUCT
 10
4500.0
 20
13000.0
 30
0.0
 11
6500.0
 21
13205.0
 31
0.0
 70
32
 71
5
  1
<>
100
AcDbAlignedDimension
 13
4500.0
 23
13000.0
 33
0.0
 14
8500.0
 24
13000.0
 34
0.0
 50
0.0
100
AcDbRotatedDimension
1001
ACAD
1000
DSTYLE
1002
{
1070
40
1040
100.0
1002
}
  0
DIMENSION
  5
162
330
17
100
AcDbEntity
  8
ANNO-DIMS
100
AcDbDimension
280
0
  2
*D3
  3
RNR_STRUCT
 10
8500.0
 20
13000.0
 30
0.0
 11
10750.0
 21
13205.0
 31
0.0
 70
32
 71
5
  1
<>
100
AcDbAlignedDimension
 13
8500.0
 23
13000.0
 33
0.0
 14
13000.0
 24
13000.0
 34
0.0
 50
0.0
100
AcDbRotatedDimension
1001
ACAD
1000
DSTYLE
1002
{
1070
40
1040
100.0
1002
}
  0
DIMENSION
  5
171
330
17
100
AcDbEntity
  8
ANNO-DIMS
100
AcDbDimension
280
0
  2
*D4
  3
RNR_STRUCT
 10
0.0
 20
13700.0
 30
0.0
 11
6500.0
 21
13905.0
 31
0.0
 70
32
 71
5
  1
<>
100
AcDbAlignedDimension
 13
0.0
 23
13000.0
 33
0.0
 14
13000.0
 24
13000.0
 34
0.0
 50
0.0
100
AcDbRotatedDimension
1001
ACAD
1000
DSTYLE
1002
{
1070
40
1040
100.0
1002
}
  0
DIMENSION
  5
180
330
17
100
AcDbEntity
  8
ANNO-DIMS
100
AcDbDimension
280
0
  2
*D5
  3
RNR_STRUCT
 10
-1500.0
 20
0.0
 30
0.0
 11
-1705.0
 21
2100.0
 31
0.0
 70
32
 71
5
  1
<>
100
AcDbAlignedDimension
 13
-1500.0
 23
0.0
 33
0.0
 14
-1500.0
 24
4200.0
 34
0.0
 50
90.0
100
AcDbRotatedDimension
1001
ACAD
1000
DSTYLE
1002
{
1070
40
1040
100.0
1002
}
  0
DIMENSION
  5
18F
330
17
100
AcDbEntity
  8
ANNO-DIMS
100
AcDbDimension
280
0
  2
*D6
  3
RNR_STRUCT
 10
-1500.0
 20
4200.0
 30
0.0
 11
-1705.0
 21
5950.0
 31
0.0
 70
32
 71
5
  1
<>
100
AcDbAlignedDimension
 13
-1500.0
 23
4200.0
 33
0.0
 14
-1500.0
 24
7700.0
 34
0.0
 50
90.0
100
AcDbRotatedDimension
1001
ACAD
1000
DSTYLE
1002
{
1070
40
1040
100.0
1002
}
  0
DIMENSION
  5
19E
330
17
100
AcDbEntity
  8
ANNO-DIMS
100
AcDbDimension
280
0
  2
*D7
  3
RNR_STRUCT
 10
-1500.0
 20
7700.0
 30
0.0
 11
-1705.0
 21
9600.0
 31
0.0
 70
32
 71
5
  1
<>
100
AcDbAlignedDimension
 13
-1500.0
 23
7700.0
 33
0.0
 14
-1500.0
 24
11500.0
 34
0.0
 50
90.0
100
AcDbRotatedDimension
1001
ACAD
1000
DSTYLE
1002
{
1070
40
1040
100.0
1002
}
  0
DIMENSION
  5
1AD
330
17
100
AcDbEntity
  8
ANNO-DIMS
100
AcDbDimension
280
0
  2
*D8
  3
RNR_STRUCT
 10
-2200.0
 20
0.0
 30
0.0
 11
-2405.0
 21
5750.0
 31
0.0
 70
32
 71
5
  1
<>
100
AcDbAlignedDimension
 13
-1500.0
 23
0.0
 33
0.0
 14
-1500.0
 24
11500.0
 34
0.0
 50
90.0
100
AcDbRotatedDimension
1001
ACAD
1000
DSTYLE
1002
{
1070
40
1040
100.0
1002
}
  0
LWPOLYLINE
  5
1BC
330
17
100
AcDbEntity
  8
S-COL
100
AcDbPolyline
 90
4
 70
1
 10
-150.0
 20
-225.0
 10
150.0
 20
-225.0
 10
150.0
 20
225.0
 10
-150.0
 20
225.0
  0
HATCH
  5
1BD
330
17
100
AcDbEntity
  8
S-HATCH
 62
7
420
9211040
100
AcDbHatch
 10
0.0
 20
0.0
 30
0.0
210
0.0
220
0.0
230
1.0
  2
ANSI31
 70
0
 71
0
 91
1
 92
3
 72
0
 73
1
 93
4
 10
-150.0
 20
-225.0
 10
150.0
 20
-225.0
 10
150.0
 20
225.0
 10
-150.0
 20
225.0
 97
0
 75
1
 76
1
 52
0.0
 41
5.0
 77
0
 78
1
 53
45.0
 43
0.0
 44
0.0
 45
-11.2253201515
 46
11.2253201515
 79
0
 98
0
  0
LWPOLYLINE
  5
1BE
330
17
100
AcDbEntity
  8
S-COL
100
AcDbPolyline
 90
4
 70
1
 10
-150.0
 20
3975.0
 10
150.0
 20
3975.0
 10
150.0
 20
4425.0
 10
-150.0
 20
4425.0
  0
HATCH
  5
1BF
330
17
100
AcDbEntity
  8
S-HATCH
 62
7
420
9211040
100
AcDbHatch
 10
0.0
 20
0.0
 30
0.0
210
0.0
220
0.0
230
1.0
  2
ANSI31
 70
0
 71
0
 91
1
 92
3
 72
0
 73
1
 93
4
 10
-150.0
 20
3975.0
 10
150.0
 20
3975.0
 10
150.0
 20
4425.0
 10
-150.0
 20
4425.0
 97
0
 75
1
 76
1
 52
0.0
 41
5.0
 77
0
 78
1
 53
45.0
 43
0.0
 44
0.0
 45
-11.2253201515
 46
11.2253201515
 79
0
 98
0
  0
LWPOLYLINE
  5
1C0
330
17
100
AcDbEntity
  8
S-COL
100
AcDbPolyline
 90
4
 70
1
 10
-150.0
 20
7475.0
 10
150.0
 20
7475.0
 10
150.0
 20
7925.0
 10
-150.0
 20
7925.0
  0
HATCH
  5
1C1
330
17
100
AcDbEntity
  8
S-HATCH
 62
7
420
9211040
100
AcDbHatch
 10
0.0
 20
0.0
 30
0.0
210
0.0
220
0.0
230
1.0
  2
ANSI31
 70
0
 71
0
 91
1
 92
3
 72
0
 73
1
 93
4
 10
-150.0
 20
7475.0
 10
150.0
 20
7475.0
 10
150.0
 20
7925.0
 10
-150.0
 20
7925.0
 97
0
 75
1
 76
1
 52
0.0
 41
5.0
 77
0
 78
1
 53
45.0
 43
0.0
 44
0.0
 45
-11.2253201515
 46
11.2253201515
 79
0
 98
0
  0
LWPOLYLINE
  5
1C2
330
17
100
AcDbEntity
  8
S-COL
100
AcDbPolyline
 90
4
 70
1
 10
-150.0
 20
11275.0
 10
150.0
 20
11275.0
 10
150.0
 20
11725.0
 10
-150.0
 20
11725.0
  0
HATCH
  5
1C3
330
17
100
AcDbEntity
  8
S-HATCH
 62
7
420
9211040
100
AcDbHatch
 10
0.0
 20
0.0
 30
0.0
210
0.0
220
0.0
230
1.0
  2
ANSI31
 70
0
 71
0
 91
1
 92
3
 72
0
 73
1
 93
4
 10
-150.0
 20
11275.0
 10
150.0
 20
11275.0
 10
150.0
 20
11725.0
 10
-150.0
 20
11725.0
 97
0
 75
1
 76
1
 52
0.0
 41
5.0
 77
0
 78
1
 53
45.0
 43
0.0
 44
0.0
 45
-11.2253201515
 46
11.2253201515
 79
0
 98
0
  0
LWPOLYLINE
  5
1C4
330
17
100
AcDbEntity
  8
S-COL
100
AcDbPolyline
 90
4
 70
1
 10
4350.0
 20
-225.0
 10
4650.0
 20
-225.0
 10
4650.0
 20
225.0
 10
4350.0
 20
225.0
  0
HATCH
  5
1C5
330
17
100
AcDbEntity
  8
S-HATCH
 62
7
420
9211040
100
AcDbHatch
 10
0.0
 20
0.0
 30
0.0
210
0.0
220
0.0
230
1.0
  2
ANSI31
 70
0
 71
0
 91
1
 92
3
 72
0
 73
1
 93
4
 10
4350.0
 20
-225.0
 10
4650.0
 20
-225.0
 10
4650.0
 20
225.0
 10
4350.0
 20
225.0
 97
0
 75
1
 76
1
 52
0.0
 41
5.0
 77
0
 78
1
 53
45.0
 43
0.0
 44
0.0
 45
-11.2253201515
 46
11.2253201515
 79
0
 98
0
  0
LWPOLYLINE
  5
1C6
330
17
100
AcDbEntity
  8
S-COL
100
AcDbPolyline
 90
4
 70
1
 10
4350.0
 20
3975.0
 10
4650.0
 20
3975.0
 10
4650.0
 20
4425.0
 10
4350.0
 20
4425.0
  0
HATCH
  5
1C7
330
17
100
AcDbEntity
  8
S-HATCH
 62
7
420
9211040
100
AcDbHatch
 10
0.0
 20
0.0
 30
0.0
210
0.0
220
0.0
230
1.0
  2
ANSI31
 70
0
 71
0
 91
1
 92
3
 72
0
 73
1
 93
4
 10
4350.0
 20
3975.0
 10
4650.0
 20
3975.0
 10
4650.0
 20
4425.0
 10
4350.0
 20
4425.0
 97
0
 75
1
 76
1
 52
0.0
 41
5.0
 77
0
 78
1
 53
45.0
 43
0.0
 44
0.0
 45
-11.2253201515
 46
11.2253201515
 79
0
 98
0
  0
LWPOLYLINE
  5
1C8
330
17
100
AcDbEntity
  8
S-COL
100
AcDbPolyline
 90
4
 70
1
 10
4350.0
 20
7475.0
 10
4650.0
 20
7475.0
 10
4650.0
 20
7925.0
 10
4350.0
 20
7925.0
  0
HATCH
  5
1C9
330
17
100
AcDbEntity
  8
S-HATCH
 62
7
420
9211040
100
AcDbHatch
 10
0.0
 20
0.0
 30
0.0
210
0.0
220
0.0
230
1.0
  2
ANSI31
 70
0
 71
0
 91
1
 92
3
 72
0
 73
1
 93
4
 10
4350.0
 20
7475.0
 10
4650.0
 20
7475.0
 10
4650.0
 20
7925.0
 10
4350.0
 20
7925.0
 97
0
 75
1
 76
1
 52
0.0
 41
5.0
 77
0
 78
1
 53
45.0
 43
0.0
 44
0.0
 45
-11.2253201515
 46
11.2253201515
 79
0
 98
0
  0
LWPOLYLINE
  5
1CA
330
17
100
AcDbEntity
  8
S-COL
100
AcDbPolyline
 90
4
 70
1
 10
4350.0
 20
11275.0
 10
4650.0
 20
11275.0
 10
4650.0
 20
11725.0
 10
4350.0
 20
11725.0
  0
HATCH
  5
1CB
330
17
100
AcDbEntity
  8
S-HATCH
 62
7
420
9211040
100
AcDbHatch
 10
0.0
 20
0.0
 30
0.0
210
0.0
220
0.0
230
1.0
  2
ANSI31
 70
0
 71
0
 91
1
 92
3
 72
0
 73
1
 93
4
 10
4350.0
 20
11275.0
 10
4650.0
 20
11275.0
 10
4650.0
 20
11725.0
 10
4350.0
 20
11725.0
 97
0
 75
1
 76
1
 52
0.0
 41
5.0
 77
0
 78
1
 53
45.0
 43
0.0
 44
0.0
 45
-11.2253201515
 46
11.2253201515
 79
0
 98
0
  0
LWPOLYLINE
  5
1CC
330
17
100
AcDbEntity
  8
S-COL
100
AcDbPolyline
 90
4
 70
1
 10
8350.0
 20
-225.0
 10
8650.0
 20
-225.0
 10
8650.0
 20
225.0
 10
8350.0
 20
225.0
  0
HATCH
  5
1CD
330
17
100
AcDbEntity
  8
S-HATCH
 62
7
420
9211040
100
AcDbHatch
 10
0.0
 20
0.0
 30
0.0
210
0.0
220
0.0
230
1.0
  2
ANSI31
 70
0
 71
0
 91
1
 92
3
 72
0
 73
1
 93
4
 10
8350.0
 20
-225.0
 10
8650.0
 20
-225.0
 10
8650.0
 20
225.0
 10
8350.0
 20
225.0
 97
0
 75
1
 76
1
 52
0.0
 41
5.0
 77
0
 78
1
 53
45.0
 43
0.0
 44
0.0
 45
-11.2253201515
 46
11.2253201515
 79
0
 98
0
  0
LWPOLYLINE
  5
1CE
330
17
100
AcDbEntity
  8
S-COL
100
AcDbPolyline
 90
4
 70
1
 10
8350.0
 20
3975.0
 10
8650.0
 20
3975.0
 10
8650.0
 20
4425.0
 10
8350.0
 20
4425.0
  0
HATCH
  5
1CF
330
17
100
AcDbEntity
  8
S-HATCH
 62
7
420
9211040
100
AcDbHatch
 10
0.0
 20
0.0
 30
0.0
210
0.0
220
0.0
230
1.0
  2
ANSI31
 70
0
 71
0
 91
1
 92
3
 72
0
 73
1
 93
4
 10
8350.0
 20
3975.0
 10
8650.0
 20
3975.0
 10
8650.0
 20
4425.0
 10
8350.0
 20
4425.0
 97
0
 75
1
 76
1
 52
0.0
 41
5.0
 77
0
 78
1
 53
45.0
 43
0.0
 44
0.0
 45
-11.2253201515
 46
11.2253201515
 79
0
 98
0
  0
LWPOLYLINE
  5
1D0
330
17
100
AcDbEntity
  8
S-COL
100
AcDbPolyline
 90
4
 70
1
 10
8350.0
 20
7475.0
 10
8650.0
 20
7475.0
 10
8650.0
 20
7925.0
 10
8350.0
 20
7925.0
  0
HATCH
  5
1D1
330
17
100
AcDbEntity
  8
S-HATCH
 62
7
420
9211040
100
AcDbHatch
 10
0.0
 20
0.0
 30
0.0
210
0.0
220
0.0
230
1.0
  2
ANSI31
 70
0
 71
0
 91
1
 92
3
 72
0
 73
1
 93
4
 10
8350.0
 20
7475.0
 10
8650.0
 20
7475.0
 10
8650.0
 20
7925.0
 10
8350.0
 20
7925.0
 97
0
 75
1
 76
1
 52
0.0
 41
5.0
 77
0
 78
1
 53
45.0
 43
0.0
 44
0.0
 45
-11.2253201515
 46
11.2253201515
 79
0
 98
0
  0
LWPOLYLINE
  5
1D2
330
17
100
AcDbEntity
  8
S-COL
100
AcDbPolyline
 90
4
 70
1
 10
8350.0
 20
11275.0
 10
8650.0
 20
11275.0
 10
8650.0
 20
11725.0
 10
8350.0
 20
11725.0
  0
HATCH
  5
1D3
330
17
100
AcDbEntity
  8
S-HATCH
 62
7
420
9211040
100
AcDbHatch
 10
0.0
 20
0.0
 30
0.0
210
0.0
220
0.0
230
1.0
  2
ANSI31
 70
0
 71
0
 91
1
 92
3
 72
0
 73
1
 93
4
 10
8350.0
 20
11275.0
 10
8650.0
 20
11275.0
 10
8650.0
 20
11725.0
 10
8350.0
 20
11725.0
 97
0
 75
1
 76
1
 52
0.0
 41
5.0
 77
0
 78
1
 53
45.0
 43
0.0
 44
0.0
 45
-11.2253201515
 46
11.2253201515
 79
0
 98
0
  0
LWPOLYLINE
  5
1D4
330
17
100
AcDbEntity
  8
S-COL
100
AcDbPolyline
 90
4
 70
1
 10
12850.0
 20
-225.0
 10
13150.0
 20
-225.0
 10
13150.0
 20
225.0
 10
12850.0
 20
225.0
  0
HATCH
  5
1D5
330
17
100
AcDbEntity
  8
S-HATCH
 62
7
420
9211040
100
AcDbHatch
 10
0.0
 20
0.0
 30
0.0
210
0.0
220
0.0
230
1.0
  2
ANSI31
 70
0
 71
0
 91
1
 92
3
 72
0
 73
1
 93
4
 10
12850.0
 20
-225.0
 10
13150.0
 20
-225.0
 10
13150.0
 20
225.0
 10
12850.0
 20
225.0
 97
0
 75
1
 76
1
 52
0.0
 41
5.0
 77
0
 78
1
 53
45.0
 43
0.0
 44
0.0
 45
-11.2253201515
 46
11.2253201515
 79
0
 98
0
  0
LWPOLYLINE
  5
1D6
330
17
100
AcDbEntity
  8
S-COL
100
AcDbPolyline
 90
4
 70
1
 10
12850.0
 20
3975.0
 10
13150.0
 20
3975.0
 10
13150.0
 20
4425.0
 10
12850.0
 20
4425.0
  0
HATCH
  5
1D7
330
17
100
AcDbEntity
  8
S-HATCH
 62
7
420
9211040
100
AcDbHatch
 10
0.0
 20
0.0
 30
0.0
210
0.0
220
0.0
230
1.0
  2
ANSI31
 70
0
 71
0
 91
1
 92
3
 72
0
 73
1
 93
4
 10
12850.0
 20
3975.0
 10
13150.0
 20
3975.0
 10
13150.0
 20
4425.0
 10
12850.0
 20
4425.0
 97
0
 75
1
 76
1
 52
0.0
 41
5.0
 77
0
 78
1
 53
45.0
 43
0.0
 44
0.0
 45
-11.2253201515
 46
11.2253201515
 79
0
 98
0
  0
LWPOLYLINE
  5
1D8
330
17
100
AcDbEntity
  8
S-COL
100
AcDbPolyline
 90
4
 70
1
 10
12850.0
 20
7475.0
 10
13150.0
 20
7475.0
 10
13150.0
 20
7925.0
 10
12850.0
 20
7925.0
  0
HATCH
  5
1D9
330
17
100
AcDbEntity
  8
S-HATCH
 62
7
420
9211040
100
AcDbHatch
 10
0.0
 20
0.0
 30
0.0
210
0.0
220
0.0
230
1.0
  2
ANSI31
 70
0
 71
0
 91
1
 92
3
 72
0
 73
1
 93
4
 10
12850.0
 20
7475.0
 10
13150.0
 20
7475.0
 10
13150.0
 20
7925.0
 10
12850.0
 20
7925.0
 97
0
 75
1
 76
1
 52
0.0
 41
5.0
 77
0
 78
1
 53
45.0
 43
0.0
 44
0.0
 45
-11.2253201515
 46
11.2253201515
 79
0
 98
0
  0
LWPOLYLINE
  5
1DA
330
17
100
AcDbEntity
  8
S-COL
100
AcDbPolyline
 90
4
 70
1
 10
12850.0
 20
11275.0
 10
13150.0
 20
11275.0
 10
13150.0
 20
11725.0
 10
12850.0
 20
11725.0
  0
HATCH
  5
1DB
330
17
100
AcDbEntity
  8
S-HATCH
 62
7
420
9211040
100
AcDbHatch
 10
0.0
 20
0.0
 30
0.0
210
0.0
220
0.0
230
1.0
  2
ANSI31
 70
0
 71
0
 91
1
 92
3
 72
0
 73
1
 93
4
 10
12850.0
 20
11275.0
 10
13150.0
 20
11275.0
 10
13150.0
 20
11725.0
 10
12850.0
 20
11725.0
 97
0
 75
1
 76
1
 52
0.0
 41
5.0
 77
0
 78
1
 53
45.0
 43
0.0
 44
0.0
 45
-11.2253201515
 46
11.2253201515
 79
0
 98
0
  0
LINE
  5
1DC
330
17
100
AcDbEntity
  8
S-REBAR-DIST
100
AcDbLine
 10
900.0
 20
2100.0
 30
0.0
 11
3600.0
 21
2100.0
 31
0.0
  0
LINE
  5
1DD
330
17
100
AcDbEntity
  8
S-REBAR-DIST
100
AcDbLine
 10
2250.0
 20
840.0
 30
0.0
 11
2250.0
 21
3360.0
 31
0.0
  0
CIRCLE
  5
1DE
330
17
100
AcDbEntity
  8
S-SLAB
100
AcDbCircle
 10
2250.0
 20
2100.0
 30
0.0
 40
450.0
  0
TEXT
  5
1DF
330
17
100
AcDbEntity
  8
S-TEXT
100
AcDbText
 10
2250.0
 20
2190.0
 30
0.0
 40
250.0
  1
S1
  7
RNR_TEXT
 72
1
 11
2250.0
 21
2190.0
 31
0.0
100
AcDbText
 73
2
  0
TEXT
  5
1E0
330
17
100
AcDbEntity
  8
S-TEXT
100
AcDbText
 10
2250.0
 20
1900.0
 30
0.0
 40
180.0
  1
125 THK
  7
RNR_TEXT
 72
1
 11
2250.0
 21
1900.0
 31
0.0
100
AcDbText
 73
2
  0
TEXT
  5
1E1
330
17
100
AcDbEntity
  8
S-REBAR-TEXT
100
AcDbText
 10
2790.0
 20
2700.0
 30
0.0
 40
180.0
  1
T10@150 B/W
  7
RNR_TEXT
 11
2790.0
 21
2700.0
 31
0.0
100
AcDbText
  0
LINE
  5
1E2
330
17
100
AcDbEntity
  8
S-REBAR-DIST
100
AcDbLine
 10
900.0
 20
5950.0
 30
0.0
 11
3600.0
 21
5950.0
 31
0.0
  0
LINE
  5
1E3
330
17
100
AcDbEntity
  8
S-REBAR-DIST
100
AcDbLine
 10
2250.0
 20
4900.0
 30
0.0
 11
2250.0
 21
7000.0
 31
0.0
  0
CIRCLE
  5
1E4
330
17
100
AcDbEntity
  8
S-SLAB
100
AcDbCircle
 10
2250.0
 20
5950.0
 30
0.0
 40
450.0
  0
TEXT
  5
1E5
330
17
100
AcDbEntity
  8
S-TEXT
100
AcDbText
 10
2250.0
 20
6040.0
 30
0.0
 40
250.0
  1
S2
  7
RNR_TEXT
 72
1
 11
2250.0
 21
6040.0
 31
0.0
100
AcDbText
 73
2
  0
TEXT
  5
1E6
330
17
100
AcDbEntity
  8
S-TEXT
100
AcDbText
 10
2250.0
 20
5750.0
 30
0.0
 40
180.0
  1
125 THK
  7
RNR_TEXT
 72
1
 11
2250.0
 21
5750.0
 31
0.0
100
AcDbText
 73
2
  0
TEXT
  5
1E7
330
17
100
AcDbEntity
  8
S-REBAR-TEXT
100
AcDbText
 10
2790.0
 20
6550.0
 30
0.0
 40
180.0
  1
T10@150 B/W
  7
RNR_TEXT
 11
2790.0
 21
6550.0
 31
0.0
100
AcDbText
  0
LINE
  5
1E8
330
17
100
AcDbEntity
  8
S-REBAR-DIST
100
AcDbLine
 10
900.0
 20
9600.0
 30
0.0
 11
3600.0
 21
9600.0
 31
0.0
  0
LINE
  5
1E9
330
17
100
AcDbEntity
  8
S-REBAR-DIST
100
AcDbLine
 10
2250.0
 20
8460.0
 30
0.0
 11
2250.0
 21
10740.0
 31
0.0
  0
CIRCLE
  5
1EA
330
17
100
AcDbEntity
  8
S-SLAB
100
AcDbCircle
 10
2250.0
 20
9600.0
 30
0.0
 40
450.0
  0
TEXT
  5
1EB
330
17
100
AcDbEntity
  8
S-TEXT
100
AcDbText
 10
2250.0
 20
9690.0
 30
0.0
 40
250.0
  1
S3
  7
RNR_TEXT
 72
1
 11
2250.0
 21
9690.0
 31
0.0
100
AcDbText
 73
2
  0
TEXT
  5
1EC
330
17
100
AcDbEntity
  8
S-TEXT
100
AcDbText
 10
2250.0
 20
9400.0
 30
0.0
 40
180.0
  1
125 THK
  7
RNR_TEXT
 72
1
 11
2250.0
 21
9400.0
 31
0.0
100
AcDbText
 73
2
  0
TEXT
  5
1ED
330
17
100
AcDbEntity
  8
S-REBAR-TEXT
100
AcDbText
 10
2790.0
 20
10200.0
 30
0.0
 40
180.0
  1
T10@150 B/W
  7
RNR_TEXT
 11
2790.0
 21
10200.0
 31
0.0
100
AcDbText
  0
LINE
  5
1EE
330
17
100
AcDbEntity
  8
S-REBAR-DIST
100
AcDbLine
 10
5300.0
 20
2100.0
 30
0.0
 11
7700.0
 21
2100.0
 31
0.0
  0
LINE
  5
1EF
330
17
100
AcDbEntity
  8
S-REBAR-DIST
100
AcDbLine
 10
6500.0
 20
840.0
 30
0.0
 11
6500.0
 21
3360.0
 31
0.0
  0
CIRCLE
  5
1F0
330
17
100
AcDbEntity
  8
S-SLAB
100
AcDbCircle
 10
6500.0
 20
2100.0
 30
0.0
 40
450.0
  0
TEXT
  5
1F1
330
17
100
AcDbEntity
  8
S-TEXT
100
AcDbText
 10
6500.0
 20
2190.0
 30
0.0
 40
250.0
  1
S4
  7
RNR_TEXT
 72
1
 11
6500.0
 21
2190.0
 31
0.0
100
AcDbText
 73
2
  0
TEXT
  5
1F2
330
17
100
AcDbEntity
  8
S-TEXT
100
AcDbText
 10
6500.0
 20
1900.0
 30
0.0
 40
180.0
  1
125 THK
  7
RNR_TEXT
 72
1
 11
6500.0
 21
1900.0
 31
0.0
100
AcDbText
 73
2
  0
TEXT
  5
1F3
330
17
100
AcDbEntity
  8
S-REBAR-TEXT
100
AcDbText
 10
6980.0
 20
2700.0
 30
0.0
 40
180.0
  1
T10@150 B/W
  7
RNR_TEXT
 11
6980.0
 21
2700.0
 31
0.0
100
AcDbText
  0
LINE
  5
1F4
330
17
100
AcDbEntity
  8
S-SLAB-OPEN
100
AcDbLine
 10
4700.0
 20
4400.0
 30
0.0
 11
8300.0
 21
7500.0
 31
0.0
  0
LINE
  5
1F5
330
17
100
AcDbEntity
  8
S-SLAB-OPEN
100
AcDbLine
 10
4700.0
 20
7500.0
 30
0.0
 11
8300.0
 21
4400.0
 31
0.0
  0
TEXT
  5
1F6
330
17
100
AcDbEntity
  8
S-TEXT
100
AcDbText
 10
6500.0
 20
6250.0
 30
0.0
 40
250.0
  1
STAIR OPENING
  7
RNR_TEXT
 72
1
 11
6500.0
 21
6250.0
 31
0.0
100
AcDbText
 73
2
  0
LINE
  5
1F7
330
17
100
AcDbEntity
  8
S-REBAR-DIST
100
AcDbLine
 10
5300.0
 20
9600.0
 30
0.0
 11
7700.0
 21
9600.0
 31
0.0
  0
LINE
  5
1F8
330
17
100
AcDbEntity
  8
S-REBAR-DIST
100
AcDbLine
 10
6500.0
 20
8460.0
 30
0.0
 11
6500.0
 21
10740.0
 31
0.0
  0
CIRCLE
  5
1F9
330
17
100
AcDbEntity
  8
S-SLAB
100
AcDbCircle
 10
6500.0
 20
9600.0
 30
0.0
 40
450.0
  0
TEXT
  5
1FA
330
17
100
AcDbEntity
  8
S-TEXT
100
AcDbText
 10
6500.0
 20
9690.0
 30
0.0
 40
250.0
  1
S5
  7
RNR_TEXT
 72
1
 11
6500.0
 21
9690.0
 31
0.0
100
AcDbText
 73
2
  0
TEXT
  5
1FB
330
17
100
AcDbEntity
  8
S-TEXT
100
AcDbText
 10
6500.0
 20
9400.0
 30
0.0
 40
180.0
  1
125 THK
  7
RNR_TEXT
 72
1
 11
6500.0
 21
9400.0
 31
0.0
100
AcDbText
 73
2
  0
TEXT
  5
1FC
330
17
100
AcDbEntity
  8
S-REBAR-TEXT
100
AcDbText
 10
6980.0
 20
10200.0
 30
0.0
 40
180.0
  1
T10@150 B/W
  7
RNR_TEXT
 11
6980.0
 21
10200.0
 31
0.0
100
AcDbText
  0
LINE
  5
1FD
330
17
100
AcDbEntity
  8
S-REBAR-DIST
100
AcDbLine
 10
9400.0
 20
2100.0
 30
0.0
 11
12100.0
 21
2100.0
 31
0.0
  0
LINE
  5
1FE
330
17
100
AcDbEntity
  8
S-REBAR-DIST
100
AcDbLine
 10
10750.0
 20
840.0
 30
0.0
 11
10750.0
 21
3360.0
 31
0.0
  0
CIRCLE
  5
1FF
330
17
100
AcDbEntity
  8
S-SLAB
100
AcDbCircle
 10
10750.0
 20
2100.0
 30
0.0
 40
450.0
  0
TEXT
  5
200
330
17
100
AcDbEntity
  8
S-TEXT
100
AcDbText
 10
10750.0
 20
2190.0
 30
0.0
 40
250.0
  1
S6
  7
RNR_TEXT
 72
1
 11
10750.0
 21
2190.0
 31
0.0
100
AcDbText
 73
2
  0
TEXT
  5
201
330
17
100
AcDbEntity
  8
S-TEXT
100
AcDbText
 10
10750.0
 20
1900.0
 30
0.0
 40
180.0
  1
125 THK
  7
RNR_TEXT
 72
1
 11
10750.0
 21
1900.0
 31
0.0
100
AcDbText
 73
2
  0
TEXT
  5
202
330
17
100
AcDbEntity
  8
S-REBAR-TEXT
100
AcDbText
 10
11290.0
 20
2700.0
 30
0.0
 40
180.0
  1
T10@150 B/W
  7
RNR_TEXT
 11
11290.0
 21
2700.0
 31
0.0
100
AcDbText
  0
LINE
  5
203
330
17
100
AcDbEntity
  8
S-REBAR-DIST
100
AcDbLine
 10
9400.0
 20
5950.0
 30
0.0
 11
12100.0
 21
5950.0
 31
0.0
  0
LINE
  5
204
330
17
100
AcDbEntity
  8
S-REBAR-DIST
100
AcDbLine
 10
10750.0
 20
4900.0
 30
0.0
 11
10750.0
 21
7000.0
 31
0.0
  0
CIRCLE
  5
205
330
17
100
AcDbEntity
  8
S-SLAB
100
AcDbCircle
 10
10750.0
 20
5950.0
 30
0.0
 40
450.0
  0
TEXT
  5
206
330
17
100
AcDbEntity
  8
S-TEXT
100
AcDbText
 10
10750.0
 20
6040.0
 30
0.0
 40
250.0
  1
S7
  7
RNR_TEXT
 72
1
 11
10750.0
 21
6040.0
 31
0.0
100
AcDbText
 73
2
  0
TEXT
  5
207
330
17
100
AcDbEntity
  8
S-TEXT
100
AcDbText
 10
10750.0
 20
5750.0
 30
0.0
 40
180.0
  1
125 THK
  7
RNR_TEXT
 72
1
 11
10750.0
 21
5750.0
 31
0.0
100
AcDbText
 73
2
  0
TEXT
  5
208
330
17
100
AcDbEntity
  8
S-REBAR-TEXT
100
AcDbText
 10
11290.0
 20
6550.0
 30
0.0
 40
180.0
  1
T10@150 B/W
  7
RNR_TEXT
 11
11290.0
 21
6550.0
 31
0.0
100
AcDbText
  0
LINE
  5
209
330
17
100
AcDbEntity
  8
S-REBAR-DIST
100
AcDbLine
 10
9400.0
 20
9600.0
 30
0.0
 11
12100.0
 21
9600.0
 31
0.0
  0
LINE
  5
20A
330
17
100
AcDbEntity
  8
S-REBAR-DIST
100
AcDbLine
 10
10750.0
 20
8460.0
 30
0.0
 11
10750.0
 21
10740.0
 31
0.0
  0
CIRCLE
  5
20B
330
17
100
AcDbEntity
  8
S-SLAB
100
AcDbCircle
 10
10750.0
 20
9600.0
 30
0.0
 40
450.0
  0
TEXT
  5
20C
330
17
100
AcDbEntity
  8
S-TEXT
100
AcDbText
 10
10750.0
 20
9690.0
 30
0.0
 40
250.0
  1
S8
  7
RNR_TEXT
 72
1
 11
10750.0
 21
9690.0
 31
0.0
100
AcDbText
 73
2
  0
TEXT
  5
20D
330
17
100
AcDbEntity
  8
S-TEXT
100
AcDbText
 10
10750.0
 20
9400.0
 30
0.0
 40
180.0
  1
125 THK
  7
RNR_TEXT
 72
1
 11
10750.0
 21
9400.0
 31
0.0
100
AcDbText
 73
2
  0
TEXT
  5
20E
330
17
100
AcDbEntity
  8
S-REBAR-TEXT
100
AcDbText
 10
11290.0
 20
10200.0
 30
0.0
 40
180.0
  1
T10@150 B/W
  7
RNR_TEXT
 11
11290.0
 21
10200.0
 31
0.0
100
AcDbText
  0
TEXT
  5
20F
330
17
100
AcDbEntity
  8
ANNO-TEXT
100
AcDbText
 10
0.0
 20
-4000.0
 30
0.0
 40
500.0
  1
TYPICAL FLOOR SLAB LAYOUT (FF/SF/ROOF)
  7
RNR_HEADING
 11
0.0
 21
-4000.0
 31
0.0
100
AcDbText
  0
LINE
  5
210
330
17
100
AcDbEntity
  8
ANNO-TEXT
370
50
100
AcDbLine
 10
0.0
 20
-4250.0
 30
0.0
 11
15960.0
 21
-4250.0
 31
0.0
  0
TEXT
  5
211
330
17
100
AcDbEntity
  8
ANNO-TEXT
100
AcDbText
 10
0.0
 20
-4800.0
 30
0.0
 40
250.0
  1
SCALE 1:100
  7
RNR_TEXT
 11
0.0
 21
-4800.0
 31
0.0
100
AcDbText
  0
ENDSEC
  0
SECTION
  2
OBJECTS
  0
DICTIONARY
  5
A
330
0
100
AcDbDictionary
281
1
  3
ACAD_COLOR
350
B
  3
ACAD_GROUP
350
C
  3
ACAD_LAYOUT
350
D
  3
ACAD_MATERIAL
350
E
  3
ACAD_MLEADERSTYLE
350
F
  3
ACAD_MLINESTYLE
350
10
  3
ACAD_PLOTSETTINGS
350
11
  3
ACAD_PLOTSTYLENAME
350
12
  3
ACAD_SCALELIST
350
14
  3
ACAD_TABLESTYLE
350
15
  3
ACAD_VISUALSTYLE
350
16
  3
EZDXF_META
350
2D
  0
DICTIONARY
  5
B
330
A
100
AcDbDictionary
281
1
  0
DICTIONARY
  5
C
330
A
100
AcDbDictionary
281
1
  0
DICTIONARY
  5
D
330
A
100
AcDbDictionary
281
1
  3
Model
350
1A
  3
Layout1
350
1E
  0
DICTIONARY
  5
E
330
A
100
AcDbDictionary
281
1
  3
ByBlock
350
1F
  3
ByLayer
350
20
  3
Global
350
21
  0
DICTIONARY
  5
F
330
A
100
AcDbDictionary
281
1
  3
Standard
350
2C
  0
DICTIONARY
  5
10
330
A
100
AcDbDictionary
281
1
  3
Standard
350
22
  0
DICTIONARY
  5
11
330
A
100
AcDbDictionary
281
1
  0
ACDBDICTIONARYWDFLT
  5
12
330
A
100
AcDbDictionary
281
1
  3
Normal
350
13
100
AcDbDictionaryWithDefault
340
13
  0
ACDBPLACEHOLDER
  5
13
330
12
  0
DICTIONARY
  5
14
330
A
100
AcDbDictionary
281
1
  0
DICTIONARY
  5
15
330
A
100
AcDbDictionary
281
1
  0
DICTIONARY
  5
16
330
A
100
AcDbDictionary
281
1
  3
2dWireframe
350
5A
  3
Basic
350
5B
  3
Brighten
350
5C
  3
ColorChange
350
5D
  3
Conceptual
350
5E
  3
Dim
350
5F
  3
EdgeColorOff
350
60
  3
Facepattern
350
61
  3
Flat
350
62
  3
FlatWithEdges
350
63
  3
Gouraud
350
64
  3
GouraudWithEdges
350
65
  3
Hidden
350
66
  3
JitterOff
350
67
  3
Linepattern
350
68
  3
Modeling
350
69
  3
OverhangOff
350
6A
  3
Realistic
350
6B
  3
Shaded
350
6C
  3
Shaded with edges
350
6D
  3
Shades of Gray
350
6E
  3
Sketchy
350
6F
  3
Thicken
350
70
  3
Wireframe
350
71
  3
X-Ray
350
72
  0
LAYOUT
  5
1A
330
D
100
AcDbPlotSettings
  1

  4
A3
  6

 40
7.5
 41
20.0
 42
7.5
 43
20.0
 44
420.0
 45
297.0
 46
0.0
 47
0.0
 48
0.0
 49
0.0
140
0.0
141
0.0
142
1.0
143
1.0
 70
1024
 72
1
 73
0
 74
5
  7

 75
16
 76
0
 77
2
 78
300
147
1.0
148
0.0
149
0.0
100
AcDbLayout
  1
Model
 70
1
 71
0
 10
0.0
 20
0.0
 11
420.0
 21
297.0
 12
0.0
 22
0.0
 32
0.0
 14
1e+20
 24
1e+20
 34
1e+20
 15
-1e+20
 25
-1e+20
 35
-1e+20
146
0.0
 13
0.0
 23
0.0
 33
0.0
 16
1.0
 26
0.0
 36
0.0
 17
0.0
 27
1.0
 37
0.0
 76
1
330
17
  0
LAYOUT
  5
1E
330
D
100
AcDbPlotSettings
  1

  4
A3
  6

 40
7.5
 41
20.0
 42
7.5
 43
20.0
 44
420.0
 45
297.0
 46
0.0
 47
0.0
 48
0.0
 49
0.0
140
0.0
141
0.0
142
1.0
143
1.0
 70
0
 72
1
 73
0
 74
5
  7

 75
16
 76
0
 77
2
 78
300
147
1.0
148
0.0
149
0.0
100
AcDbLayout
  1
Layout1
 70
1
 71
1
 10
0.0
 20
0.0
 11
420.0
 21
297.0
 12
0.0
 22
0.0
 32
0.0
 14
1e+20
 24
1e+20
 34
1e+20
 15
-1e+20
 25
-1e+20
 35
-1e+20
146
0.0
 13
0.0
 23
0.0
 33
0.0
 16
1.0
 26
0.0
 36
0.0
 17
0.0
 27
1.0
 37
0.0
 76
1
330
1B
  0
MATERIAL
  5
1F
102
{ACAD_REACTORS
330
E
102
}
330
E
100
AcDbMaterial
  1
ByBlock
  2

 70
0
 40
1.0
 71
1
 41
1.0
 91
-1023410177
 42
1.0
 72
1
  3

 73
1
 74
1
 75
1
 44
0.5
 73
0
 45
1.0
 46
1.0
 77
1
  4

 78
1
 79
1
170
1
 48
1.0
171
1
  6

172
1
173
1
174
1
140
1.0
141
1.0
175
1
  7

176
1
177
1
178
1
143
1.0
179
1
  8

270
1
271
1
272
1
145
1.0
146
1.0
273
1
  9

274
1
275
1
276
1
 42
1.0
 72
1
  3

 73
1
 74
1
 75
1
 94
63
  0
MATERIAL
  5
20
102
{ACAD_REACTORS
330
E
102
}
330
E
100
AcDbMaterial
  1
ByLayer
  2

 70
0
 40
1.0
 71
1
 41
1.0
 91
-1023410177
 42
1.0
 72
1
  3

 73
1
 74
1
 75
1
 44
0.5
 73
0
 45
1.0
 46
1.0
 77
1
  4

 78
1
 79
1
170
1
 48
1.0
171
1
  6

172
1
173
1
174
1
140
1.0
141
1.0
175
1
  7

176
1
177
1
178
1
143
1.0
179
1
  8

270
1
271
1
272
1
145
1.0
146
1.0
273
1
  9

274
1
275
1
276
1
 42
1.0
 72
1
  3

 73
1
 74
1
 75
1
 94
63
  0
MATERIAL
  5
21
102
{ACAD_REACTORS
330
E
102
}
330
E
100
AcDbMaterial
  1
Global
  2

 70
0
 40
1.0
 71
1
 41
1.0
 91
-1023410177
 42
1.0
 72
1
  3

 73
1
 74
1
 75
1
 44
0.5
 73
0
 45
1.0
 46
1.0
 77
1
  4

 78
1
 79
1
170
1
 48
1.0
171
1
  6

172
1
173
1
174
1
140
1.0
141
1.0
175
1
  7

176
1
177
1
178
1
143
1.0
179
1
  8

270
1
271
1
272
1
145
1.0
146
1.0
273
1
  9

274
1
275
1
276
1
 42
1.0
 72
1
  3

 73
1
 74
1
 75
1
 94
63
  0
MLINESTYLE
  5
22
102
{ACAD_REACTORS
330
10
102
}
330
10
100
AcDbMlineStyle
  2
Standard
 70
0
  3

 62
256
 51
90.0
 52
90.0
 71
2
 49
0.5
 62
256
  6
BYLAYER
 49
-0.5
 62
256
  6
BYLAYER
  0
MLEADERSTYLE
  5
2C
102
{ACAD_REACTORS
330
F
102
}
330
F
100
AcDbMLeaderStyle
179
2
170
2
171
1
172
0
 90
2
 40
0.0
 41
0.0
173
1
 91
-1056964608
 92
-2
290
1
 42
2.0
291
1
 43
8.0
  3
Standard
 44
4.0
300

342
29
174
1
175
1
176
0
178
1
 93
-1056964608
 45
4.0
292
0
297
0
 46
4.0
 94
-1056964608
 47
1.0
 49
1.0
140
1.0
294
1
141
0.0
177
0
142
1.0
295
0
296
0
143
3.75
271
0
272
9
273
9
  0
DICTIONARY
  5
2D
330
A
100
AcDbDictionary
280
1
281
1
  3
CREATED_BY_EZDXF
350
2E
  3
WRITTEN_BY_EZDXF
350
214
  0
DICTIONARYVAR
  5
2E
330
2D
100
DictionaryVariables
280
0
  1
1.4.4 @ 2026-09-30T16:43:43.406202+00:00
  0
VISUALSTYLE
  5
5A
102
{ACAD_REACTORS
330
16
102
}
330
16
100
AcDbVisualStyle
  2
2dWireframe
 70
4
177
3
291
0
 70
58
 90
2
176
1
 90
2
176
1
 90
0
176
1
 90
0
176
1
 40
0.6
176
1
 40
30.0
176
1
 62
7
420
16777215
176
1
 90
1
176
1
 90
4
176
1
 62
7
176
1
 62
257
176
1
 90
1
176
1
 90
1
176
1
 40
1.0
176
1
 90
8
176
1
 62
7
176
1
 40
1.0
176
1
 90
1
176
1
 90
6
176
1
 90
2
176
1
 62
7
176
1
 90
5
176
1
 90
0
176
1
 90
0
176
1
290
0
176
1
 90
1
176
1
 40
0.0
176
1
 90
0
176
1
290
1
176
1
290
1
176
1
290
0
176
1
290
0
176
1
290
0
176
1
290
0
176
1
290
0
176
1
290
0
176
1
290
0
176
1
 90
50
176
1
 40
0.0
176
1
 40
1.0
176
1
 90
0
176
1
 62
18
420
0
176
1
 90
50
176
1
 90
3
176
1
 62
5
420
255
176
1
290
0
176
1
 90
50
176
1
 90
50
176
1
 90
50
176
1
290
0
176
1
 90
50
176
1
 62
256
176
0
 40
1.0
176
0
 90
2
176
1
  1
strokes_ogs.tif
176
1
290
0
176
1
 40
1.0
176
1
 40
1.0
176
1
  0
VISUALSTYLE
  5
5B
102
{ACAD_REACTORS
330
16
102
}
330
16
100
AcDbVisualStyle
  2
Basic
 70
7
177
3
291
1
 70
58
 90
2
176
1
 90
2
176
1
 90
0
176
1
 90
1
176
1
 40
0.6
176
1
 40
30.0
176
1
 62
7
420
16777215
176
1
 90
1
176
1
 90
4
176
1
 62
7
176
1
 62
257
176
1
 90
1
176
1
 90
1
176
1
 40
1.0
176
1
 90
8
176
1
 62
7
176
1
 40
1.0
176
1
 90
1
176
1
 90
6
176
1
 90
2
176
1
 62
7
176
1
 90
5
176
1
 90
0
176
1
 90
0
176
1
290
0
176
1
 90
1
176
1
 40
0.0
176
1
 90
0
176
1
290
0
176
1
290
1
176
1
290
1
176
1
290
0
176
1
290
0
176
1
290
0
176
1
290
0
176
1
290
0
176
1
290
0
176
1
 90
50
176
1
 40
0.0
176
1
 40
1.0
176
1
 90
0
176
1
 62
18
420
0
176
1
 90
50
176
1
 90
3
176
1
 62
5
420
255
176
1
290
0
176
1
 90
50
176
1
 90
50
176
1
 90
50
176
1
290
0
176
1
 90
50
176
1
 62
256
176
0
 40
1.0
176
0
 90
2
176
1
  1
strokes_ogs.tif
176
1
290
0
176
1
 40
1.0
176
1
 40
1.0
176
1
  0
VISUALSTYLE
  5
5C
102
{ACAD_REACTORS
330
16
102
}
330
16
100
AcDbVisualStyle
  2
Brighten
 70
12
177
3
291
1
 70
58
 90
2
176
1
 90
2
176
1
 90
0
176
1
 90
2
176
1
 40
0.6
176
1
 40
30.0
176
1
 62
7
420
16777215
176
1
 90
1
176
1
 90
4
176
1
 62
7
176
1
 62
257
176
1
 90
1
176
1
 90
1
176
1
 40
1.0
176
1
 90
8
176
1
 62
7
176
1
 40
1.0
176
1
 90
1
176
1
 90
6
176
1
 90
2
176
1
 62
7
176
1
 90
5
176
1
 90
0
176
1
 90
0
176
1
290
0
176
1
 90
1
176
1
 40
0.0
176
1
 90
0
176
1
290
0
176
1
290
1
176
1
290
1
176
1
290
0
176
1
290
0
176
1
290
0
176
1
290
0
176
1
290
0
176
1
290
0
176
1
 90
50
176
1
 40
0.0
176
1
 40
1.0
176
1
 90
0
176
1
 62
18
420
0
176
1
 90
50
176
1
 90
3
176
1
 62
5
420
255
176
1
290
0
176
1
 90
50
176
1
 90
50
176
1
 90
50
176
1
290
0
176
1
 90
50
176
1
 62
256
176
0
 40
1.0
176
0
 90
2
176
1
  1
strokes_ogs.tif
176
1
290
0
176
1
 40
1.0
176
1
 40
1.0
176
1
  0
VISUALSTYLE
  5
5D
102
{ACAD_REACTORS
330
16
102
}
330
16
100
AcDbVisualStyle
  2
ColorChange
 70
16
177
3
291
1
 70
58
 90
2
176
1
 90
2
176
1
 90
0
176
1
 90
2
176
1
 40
0.6
176
1
 40
30.0
176
1
 62
7
420
16777215
176
1
 90
1
176
1
 90
4
176
1
 62
7
176
1
 62
257
176
1
 90
1
176
1
 90
1
176
1
 40
1.0
176
1
 90
8
176
1
 62
7
176
1
 40
1.0
176
1
 90
1
176
1
 90
6
176
1
 90
2
176
1
 62
7
176
1
 90
5
176
1
 90
0
176
1
 90
0
176
1
290
0
176
1
 90
1
176
1
 40
0.0
176
1
 90
0
176
1
290
0
176
1
290
1
176
1
290
1
176
1
290
0
176
1
290
0
176
1
290
0
176
1
290
0
176
1
290
0
176
1
290
0
176
1
 90
50
176
1
 40
0.0
176
1
 40
1.0
176
1
 90
0
176
1
 62
18
420
0
176
1
 90
50
176
1
 90
3
176
1
 62
5
420
255
176
1
290
0
176
1
 90
50
176
1
 90
50
176
1
 90
50
176
1
290
0
176
1
 90
50
176
1
 62
256
176
0
 40
1.0
176
0
 90
2
176
1
  1
strokes_ogs.tif
176
1
290
0
176
1
 40
1.0
176
1
 40
1.0
176
1
  0
VISUALSTYLE
  5
5E
102
{ACAD_REACTORS
330
16
102
}
330
16
100
AcDbVisualStyle
  2
Conceptual
 70
9
177
3
291
0
 70
58
 90
2
176
1
 90
2
176
1
 90
0
176
1
 90
3
176
1
 40
0.6
176
1
 40
30.0
176
1
 62
7
420
16777215
176
1
 90
1
176
1
 90
4
176
1
 62
7
176
1
 62
257
176
1
 90
1
176
1
 90
1
176
1
 40
1.0
176
1
 90
8
176
1
 62
7
176
1
 40
1.0
176
1
 90
1
176
1
 90
6
176
1
 90
2
176
1
 62
7
176
1
 90
5
176
1
 90
0
176
1
 90
0
176
1
290
0
176
1
 90
1
176
1
 40
0.0
176
1
 90
0
176
1
290
0
176
1
290
1
176
1
290
1
176
1
290
0
176
1
290
0
176
1
290
0
176
1
290
0
176
1
290
0
176
1
290
0
176
1
 90
50
176
1
 40
0.0
176
1
 40
1.0
176
1
 90
0
176
1
 62
18
420
0
176
1
 90
50
176
1
 90
3
176
1
 62
5
420
255
176
1
290
0
176
1
 90
50
176
1
 90
50
176
1
 90
50
176
1
290
0
176
1
 90
50
176
1
 62
256
176
0
 40
1.0
176
0
 90
2
176
1
  1
strokes_ogs.tif
176
1
290
0
176
1
 40
1.0
176
1
 40
1.0
176
1
  0
VISUALSTYLE
  5
5F
102
{ACAD_REACTORS
330
16
102
}
330
16
100
AcDbVisualStyle
  2
Dim
 70
11
177
3
291
1
 70
58
 90
2
176
1
 90
2
176
1
 90
0
176
1
 90
2
176
1
 40
0.6
176
1
 40
30.0
176
1
 62
7
420
16777215
176
1
 90
1
176
1
 90
4
176
1
 62
7
176
1
 62
257
176
1
 90
1
176
1
 90
1
176
1
 40
1.0
176
1
 90
8
176
1
 62
7
176
1
 40
1.0
176
1
 90
1
176
1
 90
6
176
1
 90
2
176
1
 62
7
176
1
 90
5
176
1
 90
0
176
1
 90
0
176
1
290
0
176
1
 90
1
176
1
 40
0.0
176
1
 90
0
176
1
290
0
176
1
290
1
176
1
290
1
176
1
290
0
176
1
290
0
176
1
290
0
176
1
290
0
176
1
290
0
176
1
290
0
176
1
 90
50
176
1
 40
0.0
176
1
 40
1.0
176
1
 90
0
176
1
 62
18
420
0
176
1
 90
50
176
1
 90
3
176
1
 62
5
420
255
176
1
290
0
176
1
 90
50
176
1
 90
50
176
1
 90
50
176
1
290
0
176
1
 90
50
176
1
 62
256
176
0
 40
1.0
176
0
 90
2
176
1
  1
strokes_ogs.tif
176
1
290
0
176
1
 40
1.0
176
1
 40
1.0
176
1
  0
VISUALSTYLE
  5
60
102
{ACAD_REACTORS
330
16
102
}
330
16
100
AcDbVisualStyle
  2
EdgeColorOff
 70
22
177
3
291
1
 70
58
 90
2
176
1
 90
2
176
1
 90
0
176
1
 90
2
176
1
 40
0.6
176
1
 40
30.0
176
1
 62
7
420
16777215
176
1
 90
1
176
1
 90
4
176
1
 62
7
176
1
 62
257
176
1
 90
1
176
1
 90
1
176
1
 40
1.0
176
1
 90
8
176
1
 62
7
176
1
 40
1.0
176
1
 90
1
176
1
 90
6
176
1
 90
2
176
1
 62
7
176
1
 90
5
176
1
 90
0
176
1
 90
0
176
1
290
0
176
1
 90
1
176
1
 40
0.0
176
1
 90
0
176
1
290
0
176
1
290
1
176
1
290
1
176
1
290
0
176
1
290
0
176
1
290
0
176
1
290
0
176
1
290
0
176
1
290
0
176
1
 90
50
176
1
 40
0.0
176
1
 40
1.0
176
1
 90
0
176
1
 62
18
420
0
176
1
 90
50
176
1
 90
3
176
1
 62
5
420
255
176
1
290
0
176
1
 90
50
176
1
 90
50
176
1
 90
50
176
1
290
0
176
1
 90
50
176
1
 62
256
176
0
 40
1.0
176
0
 90
2
176
1
  1
strokes_ogs.tif
176
1
290
0
176
1
 40
1.0
176
1
 40
1.0
176
1
  0
VISUALSTYLE
  5
61
102
{ACAD_REACTORS
330
16
102
}
330
16
100
AcDbVisualStyle
  2
Facepattern
 70
15
177
3
291
1
 70
58
 90
2
176
1
 90
2
176
1
 90
0
176
1
 90
2
176
1
 40
0.6
176
1
 40
30.0
176
1
 62
7
420
16777215
176
1
 90
1
176
1
 90
4
176
1
 62
7
176
1
 62
257
176
1
 90
1
176
1
 90
1
176
1
 40
1.0
176
1
 90
8
176
1
 62
7
176
1
 40
1.0
176
1
 90
1
176
1
 90
6
176
1
 90
2
176
1
 62
7
176
1
 90
5
176
1
 90
0
176
1
 90
0
176
1
290
0
176
1
 90
1
176
1
 40
0.0
176
1
 90
0
176
1
290
0
176
1
290
1
176
1
290
1
176
1
290
0
176
1
290
0
176
1
290
0
176
1
290
0
176
1
290
0
176
1
290
0
176
1
 90
50
176
1
 40
0.0
176
1
 40
1.0
176
1
 90
0
176
1
 62
18
420
0
176
1
 90
50
176
1
 90
3
176
1
 62
5
420
255
176
1
290
0
176
1
 90
50
176
1
 90
50
176
1
 90
50
176
1
290
0
176
1
 90
50
176
1
 62
256
176
0
 40
1.0
176
0
 90
2
176
1
  1
strokes_ogs.tif
176
1
290
0
176
1
 40
1.0
176
1
 40
1.0
176
1
  0
VISUALSTYLE
  5
62
102
{ACAD_REACTORS
330
16
102
}
330
16
100
AcDbVisualStyle
  2
Flat
 70
0
177
3
291
1
 70
58
 90
2
176
1
 90
2
176
1
 90
0
176
1
 90
2
176
1
 40
0.6
176
1
 40
30.0
176
1
 62
7
420
16777215
176
1
 90
1
176
1
 90
4
176
1
 62
7
176
1
 62
257
176
1
 90
1
176
1
 90
1
176
1
 40
1.0
176
1
 90
8
176
1
 62
7
176
1
 40
1.0
176
1
 90
1
176
1
 90
6
176
1
 90
2
176
1
 62
7
176
1
 90
5
176
1
 90
0
176
1
 90
0
176
1
290
0
176
1
 90
1
176
1
 40
0.0
176
1
 90
0
176
1
290
0
176
1
290
1
176
1
290
1
176
1
290
0
176
1
290
0
176
1
290
0
176
1
290
0
176
1
290
0
176
1
290
0
176
1
 90
50
176
1
 40
0.0
176
1
 40
1.0
176
1
 90
0
176
1
 62
18
420
0
176
1
 90
50
176
1
 90
3
176
1
 62
5
420
255
176
1
290
0
176
1
 90
50
176
1
 90
50
176
1
 90
50
176
1
290
0
176
1
 90
50
176
1
 62
256
176
0
 40
1.0
176
0
 90
2
176
1
  1
strokes_ogs.tif
176
1
290
0
176
1
 40
1.0
176
1
 40
1.0
176
1
  0
VISUALSTYLE
  5
63
102
{ACAD_REACTORS
330
16
102
}
330
16
100
AcDbVisualStyle
  2
FlatWithEdges
 70
1
177
3
291
1
 70
58
 90
2
176
1
 90
2
176
1
 90
0
176
1
 90
2
176
1
 40
0.6
176
1
 40
30.0
176
1
 62
7
420
16777215
176
1
 90
1
176
1
 90
4
176
1
 62
7
176
1
 62
257
176
1
 90
1
176
1
 90
1
176
1
 40
1.0
176
1
 90
8
176
1
 62
7
176
1
 40
1.0
176
1
 90
1
176
1
 90
6
176
1
 90
2
176
1
 62
7
176
1
 90
5
176
1
 90
0
176
1
 90
0
176
1
290
0
176
1
 90
1
176
1
 40
0.0
176
1
 90
0
176
1
290
0
176
1
290
1
176
1
290
1
176
1
290
0
176
1
290
0
176
1
290
0
176
1
290
0
176
1
290
0
176
1
290
0
176
1
 90
50
176
1
 40
0.0
176
1
 40
1.0
176
1
 90
0
176
1
 62
18
420
0
176
1
 90
50
176
1
 90
3
176
1
 62
5
420
255
176
1
290
0
176
1
 90
50
176
1
 90
50
176
1
 90
50
176
1
290
0
176
1
 90
50
176
1
 62
256
176
0
 40
1.0
176
0
 90
2
176
1
  1
strokes_ogs.tif
176
1
290
0
176
1
 40
1.0
176
1
 40
1.0
176
1
  0
VISUALSTYLE
  5
64
102
{ACAD_REACTORS
330
16
102
}
330
16
100
AcDbVisualStyle
  2
Gouraud
 70
2
177
3
291
1
 70
58
 90
2
176
1
 90
2
176
1
 90
0
176
1
 90
2
176
1
 40
0.6
176
1
 40
30.0
176
1
 62
7
420
16777215
176
1
 90
1
176
1
 90
4
176
1
 62
7
176
1
 62
257
176
1
 90
1
176
1
 90
1
176
1
 40
1.0
176
1
 90
8
176
1
 62
7
176
1
 40
1.0
176
1
 90
1
176
1
 90
6
176
1
 90
2
176
1
 62
7
176
1
 90
5
176
1
 90
0
176
1
 90
0
176
1
290
0
176
1
 90
1
176
1
 40
0.0
176
1
 90
0
176
1
290
0
176
1
290
1
176
1
290
1
176
1
290
0
176
1
290
0
176
1
290
0
176
1
290
0
176
1
290
0
176
1
290
0
176
1
 90
50
176
1
 40
0.0
176
1
 40
1.0
176
1
 90
0
176
1
 62
18
420
0
176
1
 90
50
176
1
 90
3
176
1
 62
5
420
255
176
1
290
0
176
1
 90
50
176
1
 90
50
176
1
 90
50
176
1
290
0
176
1
 90
50
176
1
 62
256
176
0
 40
1.0
176
0
 90
2
176
1
  1
strokes_ogs.tif
176
1
290
0
176
1
 40
1.0
176
1
 40
1.0
176
1
  0
VISUALSTYLE
  5
65
102
{ACAD_REACTORS
330
16
102
}
330
16
100
AcDbVisualStyle
  2
GouraudWithEdges
 70
3
177
3
291
1
 70
58
 90
2
176
1
 90
2
176
1
 90
0
176
1
 90
2
176
1
 40
0.6
176
1
 40
30.0
176
1
 62
7
420
16777215
176
1
 90
1
176
1
 90
4
176
1
 62
7
176
1
 62
257
176
1
 90
1
176
1
 90
1
176
1
 40
1.0
176
1
 90
8
176
1
 62
7
176
1
 40
1.0
176
1
 90
1
176
1
 90
6
176
1
 90
2
176
1
 62
7
176
1
 90
5
176
1
 90
0
176
1
 90
0
176
1
290
0
176
1
 90
1
176
1
 40
0.0
176
1
 90
0
176
1
290
0
176
1
290
1
176
1
290
1
176
1
290
0
176
1
290
0
176
1
290
0
176
1
290
0
176
1
290
0
176
1
290
0
176
1
 90
50
176
1
 40
0.0
176
1
 40
1.0
176
1
 90
0
176
1
 62
18
420
0
176
1
 90
50
176
1
 90
3
176
1
 62
5
420
255
176
1
290
0
176
1
 90
50
176
1
 90
50
176
1
 90
50
176
1
290
0
176
1
 90
50
176
1
 62
256
176
0
 40
1.0
176
0
 90
2
176
1
  1
strokes_ogs.tif
176
1
290
0
176
1
 40
1.0
176
1
 40
1.0
176
1
  0
VISUALSTYLE
  5
66
102
{ACAD_REACTORS
330
16
102
}
330
16
100
AcDbVisualStyle
  2
Hidden
 70
6
177
3
291
0
 70
58
 90
2
176
1
 90
2
176
1
 90
0
176
1
 90
1
176
1
 40
0.6
176
1
 40
30.0
176
1
 62
7
420
16777215
176
1
 90
1
176
1
 90
4
176
1
 62
7
176
1
 62
257
176
1
 90
1
176
1
 90
1
176
1
 40
1.0
176
1
 90
8
176
1
 62
7
176
1
 40
1.0
176
1
 90
1
176
1
 90
6
176
1
 90
2
176
1
 62
7
176
1
 90
5
176
1
 90
0
176
1
 90
0
176
1
290
0
176
1
 90
1
176
1
 40
0.0
176
1
 90
0
176
1
290
0
176
1
290
1
176
1
290
1
176
1
290
0
176
1
290
0
176
1
290
0
176
1
290
0
176
1
290
0
176
1
290
0
176
1
 90
50
176
1
 40
0.0
176
1
 40
1.0
176
1
 90
0
176
1
 62
18
420
0
176
1
 90
50
176
1
 90
3
176
1
 62
5
420
255
176
1
290
0
176
1
 90
50
176
1
 90
50
176
1
 90
50
176
1
290
0
176
1
 90
50
176
1
 62
256
176
0
 40
1.0
176
0
 90
2
176
1
  1
strokes_ogs.tif
176
1
290
0
176
1
 40
1.0
176
1
 40
1.0
176
1
  0
VISUALSTYLE
  5
67
102
{ACAD_REACTORS
330
16
102
}
330
16
100
AcDbVisualStyle
  2
JitterOff
 70
20
177
3
291
1
 70
58
 90
2
176
1
 90
2
176
1
 90
0
176
1
 90
2
176
1
 40
0.6
176
1
 40
30.0
176
1
 62
7
420
16777215
176
1
 90
1
176
1
 90
4
176
1
 62
7
176
1
 62
257
176
1
 90
1
176
1
 90
1
176
1
 40
1.0
176
1
 90
8
176
1
 62
7
176
1
 40
1.0
176
1
 90
1
176
1
 90
6
176
1
 90
2
176
1
 62
7
176
1
 90
5
176
1
 90
0
176
1
 90
0
176
1
290
0
176
1
 90
1
176
1
 40
0.0
176
1
 90
0
176
1
290
0
176
1
290
1
176
1
290
1
176
1
290
0
176
1
290
0
176
1
290
0
176
1
290
0
176
1
290
0
176
1
290
0
176
1
 90
50
176
1
 40
0.0
176
1
 40
1.0
176
1
 90
0
176
1
 62
18
420
0
176
1
 90
50
176
1
 90
3
176
1
 62
5
420
255
176
1
290
0
176
1
 90
50
176
1
 90
50
176
1
 90
50
176
1
290
0
176
1
 90
50
176
1
 62
256
176
0
 40
1.0
176
0
 90
2
176
1
  1
strokes_ogs.tif
176
1
290
0
176
1
 40
1.0
176
1
 40
1.0
176
1
  0
VISUALSTYLE
  5
68
102
{ACAD_REACTORS
330
16
102
}
330
16
100
AcDbVisualStyle
  2
Linepattern
 70
14
177
3
291
1
 70
58
 90
2
176
1
 90
2
176
1
 90
0
176
1
 90
2
176
1
 40
0.6
176
1
 40
30.0
176
1
 62
7
420
16777215
176
1
 90
1
176
1
 90
4
176
1
 62
7
176
1
 62
257
176
1
 90
1
176
1
 90
1
176
1
 40
1.0
176
1
 90
8
176
1
 62
7
176
1
 40
1.0
176
1
 90
1
176
1
 90
6
176
1
 90
2
176
1
 62
7
176
1
 90
5
176
1
 90
0
176
1
 90
0
176
1
290
0
176
1
 90
1
176
1
 40
0.0
176
1
 90
0
176
1
290
0
176
1
290
1
176
1
290
1
176
1
290
0
176
1
290
0
176
1
290
0
176
1
290
0
176
1
290
0
176
1
290
0
176
1
 90
50
176
1
 40
0.0
176
1
 40
1.0
176
1
 90
0
176
1
 62
18
420
0
176
1
 90
50
176
1
 90
3
176
1
 62
5
420
255
176
1
290
0
176
1
 90
50
176
1
 90
50
176
1
 90
50
176
1
290
0
176
1
 90
50
176
1
 62
256
176
0
 40
1.0
176
0
 90
2
176
1
  1
strokes_ogs.tif
176
1
290
0
176
1
 40
1.0
176
1
 40
1.0
176
1
  0
VISUALSTYLE
  5
69
102
{ACAD_REACTORS
330
16
102
}
330
16
100
AcDbVisualStyle
  2
Modeling
 70
10
177
3
291
0
 70
58
 90
2
176
1
 90
2
176
1
 90
0
176
1
 90
2
176
1
 40
0.6
176
1
 40
30.0
176
1
 62
7
420
16777215
176
1
 90
1
176
1
 90
4
176
1
 62
7
176
1
 62
257
176
1
 90
1
176
1
 90
1
176
1
 40
1.0
176
1
 90
8
176
1
 62
7
176
1
 40
1.0
176
1
 90
1
176
1
 90
6
176
1
 90
2
176
1
 62
7
176
1
 90
5
176
1
 90
0
176
1
 90
0
176
1
290
0
176
1
 90
1
176
1
 40
0.0
176
1
 90
0
176
1
290
0
176
1
290
1
176
1
290
1
176
1
290
0
176
1
290
0
176
1
290
0
176
1
290
0
176
1
290
0
176
1
290
0
176
1
 90
50
176
1
 40
0.0
176
1
 40
1.0
176
1
 90
0
176
1
 62
18
420
0
176
1
 90
50
176
1
 90
3
176
1
 62
5
420
255
176
1
290
0
176
1
 90
50
176
1
 90
50
176
1
 90
50
176
1
290
0
176
1
 90
50
176
1
 62
256
176
0
 40
1.0
176
0
 90
2
176
1
  1
strokes_ogs.tif
176
1
290
0
176
1
 40
1.0
176
1
 40
1.0
176
1
  0
VISUALSTYLE
  5
6A
102
{ACAD_REACTORS
330
16
102
}
330
16
100
AcDbVisualStyle
  2
OverhangOff
 70
21
177
3
291
1
 70
58
 90
2
176
1
 90
2
176
1
 90
0
176
1
 90
2
176
1
 40
0.6
176
1
 40
30.0
176
1
 62
7
420
16777215
176
1
 90
1
176
1
 90
4
176
1
 62
7
176
1
 62
257
176
1
 90
1
176
1
 90
1
176
1
 40
1.0
176
1
 90
8
176
1
 62
7
176
1
 40
1.0
176
1
 90
1
176
1
 90
6
176
1
 90
2
176
1
 62
7
176
1
 90
5
176
1
 90
0
176
1
 90
0
176
1
290
0
176
1
 90
1
176
1
 40
0.0
176
1
 90
0
176
1
290
0
176
1
290
1
176
1
290
1
176
1
290
0
176
1
290
0
176
1
290
0
176
1
290
0
176
1
290
0
176
1
290
0
176
1
 90
50
176
1
 40
0.0
176
1
 40
1.0
176
1
 90
0
176
1
 62
18
420
0
176
1
 90
50
176
1
 90
3
176
1
 62
5
420
255
176
1
290
0
176
1
 90
50
176
1
 90
50
176
1
 90
50
176
1
290
0
176
1
 90
50
176
1
 62
256
176
0
 40
1.0
176
0
 90
2
176
1
  1
strokes_ogs.tif
176
1
290
0
176
1
 40
1.0
176
1
 40
1.0
176
1
  0
VISUALSTYLE
  5
6B
102
{ACAD_REACTORS
330
16
102
}
330
16
100
AcDbVisualStyle
  2
Realistic
 70
8
177
3
291
0
 70
58
 90
2
176
1
 90
2
176
1
 90
0
176
1
 90
2
176
1
 40
0.6
176
1
 40
30.0
176
1
 62
7
420
16777215
176
1
 90
1
176
1
 90
4
176
1
 62
7
176
1
 62
257
176
1
 90
1
176
1
 90
1
176
1
 40
1.0
176
1
 90
8
176
1
 62
7
176
1
 40
1.0
176
1
 90
1
176
1
 90
6
176
1
 90
2
176
1
 62
7
176
1
 90
5
176
1
 90
0
176
1
 90
0
176
1
290
0
176
1
 90
1
176
1
 40
0.0
176
1
 90
0
176
1
290
0
176
1
290
1
176
1
290
1
176
1
290
0
176
1
290
0
176
1
290
0
176
1
290
0
176
1
290
0
176
1
290
0
176
1
 90
50
176
1
 40
0.0
176
1
 40
1.0
176
1
 90
0
176
1
 62
18
420
0
176
1
 90
50
176
1
 90
3
176
1
 62
5
420
255
176
1
290
0
176
1
 90
50
176
1
 90
50
176
1
 90
50
176
1
290
0
176
1
 90
50
176
1
 62
256
176
0
 40
1.0
176
0
 90
2
176
1
  1
strokes_ogs.tif
176
1
290
0
176
1
 40
1.0
176
1
 40
1.0
176
1
  0
VISUALSTYLE
  5
6C
102
{ACAD_REACTORS
330
16
102
}
330
16
100
AcDbVisualStyle
  2
Shaded
 70
27
177
3
291
0
 70
58
 90
2
176
1
 90
2
176
1
 90
0
176
1
 90
2
176
1
 40
0.6
176
1
 40
30.0
176
1
 62
7
420
16777215
176
1
 90
1
176
1
 90
4
176
1
 62
7
176
1
 62
257
176
1
 90
1
176
1
 90
1
176
1
 40
1.0
176
1
 90
8
176
1
 62
7
176
1
 40
1.0
176
1
 90
1
176
1
 90
6
176
1
 90
2
176
1
 62
7
176
1
 90
5
176
1
 90
0
176
1
 90
0
176
1
290
0
176
1
 90
1
176
1
 40
0.0
176
1
 90
0
176
1
290
0
176
1
290
1
176
1
290
1
176
1
290
0
176
1
290
0
176
1
290
0
176
1
290
0
176
1
290
0
176
1
290
0
176
1
 90
50
176
1
 40
0.0
176
1
 40
1.0
176
1
 90
0
176
1
 62
18
420
0
176
1
 90
50
176
1
 90
3
176
1
 62
5
420
255
176
1
290
0
176
1
 90
50
176
1
 90
50
176
1
 90
50
176
1
290
0
176
1
 90
50
176
1
 62
256
176
0
 40
1.0
176
0
 90
2
176
1
  1
strokes_ogs.tif
176
1
290
0
176
1
 40
1.0
176
1
 40
1.0
176
1
  0
VISUALSTYLE
  5
6D
102
{ACAD_REACTORS
330
16
102
}
330
16
100
AcDbVisualStyle
  2
Shaded with edges
 70
26
177
3
291
0
 70
58
 90
2
176
1
 90
2
176
1
 90
0
176
1
 90
2
176
1
 40
0.6
176
1
 40
30.0
176
1
 62
7
420
16777215
176
1
 90
1
176
1
 90
4
176
1
 62
7
176
1
 62
257
176
1
 90
1
176
1
 90
1
176
1
 40
1.0
176
1
 90
8
176
1
 62
7
176
1
 40
1.0
176
1
 90
1
176
1
 90
6
176
1
 90
2
176
1
 62
7
176
1
 90
5
176
1
 90
0
176
1
 90
0
176
1
290
0
176
1
 90
1
176
1
 40
0.0
176
1
 90
0
176
1
290
0
176
1
290
1
176
1
290
1
176
1
290
0
176
1
290
0
176
1
290
0
176
1
290
0
176
1
290
0
176
1
290
0
176
1
 90
50
176
1
 40
0.0
176
1
 40
1.0
176
1
 90
0
176
1
 62
18
420
0
176
1
 90
50
176
1
 90
3
176
1
 62
5
420
255
176
1
290
0
176
1
 90
50
176
1
 90
50
176
1
 90
50
176
1
290
0
176
1
 90
50
176
1
 62
256
176
0
 40
1.0
176
0
 90
2
176
1
  1
strokes_ogs.tif
176
1
290
0
176
1
 40
1.0
176
1
 40
1.0
176
1
  0
VISUALSTYLE
  5
6E
102
{ACAD_REACTORS
330
16
102
}
330
16
100
AcDbVisualStyle
  2
Shades of Gray
 70
23
177
3
291
0
 70
58
 90
2
176
1
 90
2
176
1
 90
0
176
1
 90
2
176
1
 40
0.6
176
1
 40
30.0
176
1
 62
7
420
16777215
176
1
 90
1
176
1
 90
4
176
1
 62
7
176
1
 62
257
176
1
 90
1
176
1
 90
1
176
1
 40
1.0
176
1
 90
8
176
1
 62
7
176
1
 40
1.0
176
1
 90
1
176
1
 90
6
176
1
 90
2
176
1
 62
7
176
1
 90
5
176
1
 90
0
176
1
 90
0
176
1
290
0
176
1
 90
1
176
1
 40
0.0
176
1
 90
0
176
1
290
0
176
1
290
1
176
1
290
1
176
1
290
0
176
1
290
0
176
1
290
0
176
1
290
0
176
1
290
0
176
1
290
0
176
1
 90
50
176
1
 40
0.0
176
1
 40
1.0
176
1
 90
0
176
1
 62
18
420
0
176
1
 90
50
176
1
 90
3
176
1
 62
5
420
255
176
1
290
0
176
1
 90
50
176
1
 90
50
176
1
 90
50
176
1
290
0
176
1
 90
50
176
1
 62
256
176
0
 40
1.0
176
0
 90
2
176
1
  1
strokes_ogs.tif
176
1
290
0
176
1
 40
1.0
176
1
 40
1.0
176
1
  0
VISUALSTYLE
  5
6F
102
{ACAD_REACTORS
330
16
102
}
330
16
100
AcDbVisualStyle
  2
Sketchy
 70
24
177
3
291
0
 70
58
 90
2
176
1
 90
2
176
1
 90
0
176
1
 90
1
176
1
 40
0.6
176
1
 40
30.0
176
1
 62
7
420
16777215
176
1
 90
1
176
1
 90
4
176
1
 62
7
176
1
 62
257
176
1
 90
1
176
1
 90
1
176
1
 40
1.0
176
1
 90
8
176
1
 62
7
176
1
 40
1.0
176
1
 90
1
176
1
 90
6
176
1
 90
2
176
1
 62
7
176
1
 90
5
176
1
 90
0
176
1
 90
0
176
1
290
0
176
1
 90
1
176
1
 40
0.0
176
1
 90
0
176
1
290
0
176
1
290
1
176
1
290
1
176
1
290
0
176
1
290
0
176
1
290
0
176
1
290
0
176
1
290
0
176
1
290
0
176
1
 90
50
176
1
 40
0.0
176
1
 40
1.0
176
1
 90
0
176
1
 62
18
420
0
176
1
 90
50
176
1
 90
3
176
1
 62
5
420
255
176
1
290
0
176
1
 90
50
176
1
 90
50
176
1
 90
50
176
1
290
0
176
1
 90
50
176
1
 62
256
176
0
 40
1.0
176
0
 90
2
176
1
  1
strokes_ogs.tif
176
1
290
0
176
1
 40
1.0
176
1
 40
1.0
176
1
  0
VISUALSTYLE
  5
70
102
{ACAD_REACTORS
330
16
102
}
330
16
100
AcDbVisualStyle
  2
Thicken
 70
13
177
3
291
1
 70
58
 90
2
176
1
 90
2
176
1
 90
0
176
1
 90
2
176
1
 40
0.6
176
1
 40
30.0
176
1
 62
7
420
16777215
176
1
 90
1
176
1
 90
4
176
1
 62
7
176
1
 62
257
176
1
 90
1
176
1
 90
1
176
1
 40
1.0
176
1
 90
8
176
1
 62
7
176
1
 40
1.0
176
1
 90
1
176
1
 90
6
176
1
 90
2
176
1
 62
7
176
1
 90
5
176
1
 90
0
176
1
 90
0
176
1
290
0
176
1
 90
1
176
1
 40
0.0
176
1
 90
0
176
1
290
0
176
1
290
1
176
1
290
1
176
1
290
0
176
1
290
0
176
1
290
0
176
1
290
0
176
1
290
0
176
1
290
0
176
1
 90
50
176
1
 40
0.0
176
1
 40
1.0
176
1
 90
0
176
1
 62
18
420
0
176
1
 90
50
176
1
 90
3
176
1
 62
5
420
255
176
1
290
0
176
1
 90
50
176
1
 90
50
176
1
 90
50
176
1
290
0
176
1
 90
50
176
1
 62
256
176
0
 40
1.0
176
0
 90
2
176
1
  1
strokes_ogs.tif
176
1
290
0
176
1
 40
1.0
176
1
 40
1.0
176
1
  0
VISUALSTYLE
  5
71
102
{ACAD_REACTORS
330
16
102
}
330
16
100
AcDbVisualStyle
  2
Wireframe
 70
5
177
3
291
0
 70
58
 90
2
176
1
 90
2
176
1
 90
0
176
1
 90
0
176
1
 40
0.6
176
1
 40
30.0
176
1
 62
7
420
16777215
176
1
 90
1
176
1
 90
4
176
1
 62
7
176
1
 62
257
176
1
 90
1
176
1
 90
1
176
1
 40
1.0
176
1
 90
8
176
1
 62
7
176
1
 40
1.0
176
1
 90
1
176
1
 90
6
176
1
 90
2
176
1
 62
7
176
1
 90
5
176
1
 90
0
176
1
 90
0
176
1
290
0
176
1
 90
1
176
1
 40
0.0
176
1
 90
0
176
1
290
0
176
1
290
1
176
1
290
1
176
1
290
0
176
1
290
0
176
1
290
0
176
1
290
0
176
1
290
0
176
1
290
0
176
1
 90
50
176
1
 40
0.0
176
1
 40
1.0
176
1
 90
0
176
1
 62
18
420
0
176
1
 90
50
176
1
 90
3
176
1
 62
5
420
255
176
1
290
0
176
1
 90
50
176
1
 90
50
176
1
 90
50
176
1
290
0
176
1
 90
50
176
1
 62
256
176
0
 40
1.0
176
0
 90
2
176
1
  1
strokes_ogs.tif
176
1
290
0
176
1
 40
1.0
176
1
 40
1.0
176
1
  0
VISUALSTYLE
  5
72
102
{ACAD_REACTORS
330
16
102
}
330
16
100
AcDbVisualStyle
  2
X-Ray
 70
25
177
3
291
0
 70
58
 90
2
176
1
 90
2
176
1
 90
0
176
1
 90
2
176
1
 40
0.5
176
1
 40
30.0
176
1
 62
7
420
16777215
176
1
 90
1
176
1
 90
4
176
1
 62
7
176
1
 62
257
176
1
 90
1
176
1
 90
1
176
1
 40
1.0
176
1
 90
8
176
1
 62
7
176
1
 40
1.0
176
1
 90
1
176
1
 90
6
176
1
 90
2
176
1
 62
7
176
1
 90
5
176
1
 90
0
176
1
 90
0
176
1
290
0
176
1
 90
1
176
1
 40
0.0
176
1
 90
0
176
1
290
0
176
1
290
1
176
1
290
1
176
1
290
0
176
1
290
0
176
1
290
0
176
1
290
0
176
1
290
0
176
1
290
0
176
1
 90
50
176
1
 40
0.0
176
1
 40
1.0
176
1
 90
0
176
1
 62
18
420
0
176
1
 90
50
176
1
 90
3
176
1
 62
5
420
255
176
1
290
0
176
1
 90
50
176
1
 90
50
176
1
 90
50
176
1
290
0
176
1
 90
50
176
1
 62
256
176
0
 40
1.0
176
0
 90
2
176
1
  1
strokes_ogs.tif
176
1
290
0
176
1
 40
1.0
176
1
 40
1.0
176
1
  0
DICTIONARYVAR
  5
214
330
2D
100
DictionaryVariables
280
0
  1
1.4.4 @ 2026-09-30T16:43:43.420452+00:00
  0
ENDSEC
  0
EOF
